blank,,bm3Rep2_workingconc,,bm3Rep3_workingconc,,
Wavelength (nm),Abs,Wavelength (nm),Abs,Wavelength (nm),Abs,
800.0281372,-0.001101241331,800.0281372,0.003367689671,800.0281372,0.003297833027,
799.0550537,0.0008307758835,799.0550537,0.005930452608,799.0550537,0.003600948257,
797.9424438,-0.0003516996221,797.9424438,0.003051885171,797.9424438,0.002877078718,
796.9685059,-0.0003181255597,796.9685059,0.004768600687,796.9685059,0.004608144984,
795.9942017,-0.0003569243418,795.9942017,0.003218677593,795.9942017,0.002240609145,
795.0194702,-0.001274874667,795.0194702,0.003683071351,795.0194702,0.004195477348,
794.0444336,-6.093129559E-5,794.0444336,0.004944877233,794.0444336,0.00363874482,
793.0690308,-0.002352295676,793.0690308,0.001600212301,793.0690308,0.001114240033,
791.9537354,-0.001960881054,791.9537354,0.004307437688,791.9537354,0.002425962128,
790.9775391,-4.250268103E-5,790.9775391,0.002657335019,790.9775391,0.004874164239,
790.0009155,0.0004740754084,790.0009155,0.00427758228,790.0009155,0.003923578188,
789.0239258,-0.0007179489476,789.0239258,0.002840677276,789.0239258,0.004485619254,
788.0465698,-0.002494597109,788.0465698,0.001653659507,788.0465698,0.002416903386,
787.0688477,0.0001615843794,787.0688477,0.003588550258,787.0688477,0.002311857417,
785.9509888,0.001271280809,785.9509888,0.002664575586,785.9509888,0.004285660107,
784.9724731,-0.0003381978895,784.9724731,0.004178697243,784.9724731,0.003044846701,
783.9935303,-0.0006665696274,783.9935303,0.001509364345,783.9935303,0.004334262107,
783.0142822,0.0002625630586,783.0142822,0.004662199412,783.0142822,0.004062694032,
782.034668,-0.0003009495267,782.034668,0.004286915064,782.034668,0.00305206771,
781.0546265,-0.0009800234111,781.0546265,0.002524682786,781.0546265,0.004251257516,
779.9342041,-0.000863421883,779.9342041,0.002831531689,779.9342041,0.003296215786,
778.9533691,-0.000187166981,778.9533691,0.005104749929,778.9533691,0.004815424792,
777.972229,0.0003654824104,777.972229,0.004010700155,777.972229,0.005352964159,
776.9906616,-8.474239439E-5,776.9906616,0.005031445064,776.9906616,0.004033430479,
776.0087891,-0.001871503773,776.0087891,0.002931074472,776.0087891,0.00247854786,
775.0264893,-0.0002512283099,775.0264893,0.004531993996,775.0264893,0.004309947137,
774.0438843,-0.002417428652,774.0438843,0.005156273022,774.0438843,0.003953435458,
773.0608521,-0.0006821287679,773.0608521,0.004659321159,773.0608521,0.001755921519,
771.9370117,0.001839256147,771.9370117,0.006006140728,771.9370117,0.005383889657,
770.9532471,0.001569711021,770.9532471,0.006249592174,770.9532471,0.007528843824,
769.9690552,-0.002588786883,769.9690552,0.003497781232,769.9690552,0.003710144665,
768.9845581,-0.0009972242406,768.9845581,0.004572330974,768.9845581,0.002513461048,
767.9996948,-0.0003521134786,767.9996948,0.005096185487,767.9996948,0.005709080026,
767.0144653,0.0002660597966,767.0144653,0.003580798395,767.0144653,0.004446519539,
766.0288696,0.0007294575917,766.0288696,0.00280083972,766.0288696,0.005024112295,
765.0429077,-0.001161192195,765.0429077,0.005996770691,765.0429077,0.004880578257,
764.0565796,-0.0007166567957,764.0565796,0.004612880759,764.0565796,0.003123970702,
763.0698853,-0.0009042901802,763.0698853,0.005130340345,763.0698853,0.003858254757,
761.9417725,-0.0003630800929,761.9417725,0.005213853437,761.9417725,0.0060416013,
760.9543457,0.001693651895,760.9543457,0.005128559191,760.9543457,0.006302721798,
759.9665527,-0.001042521675,759.9665527,0.003565608291,759.9665527,0.004431848414,
758.9783325,-0.001317201182,758.9783325,0.004357009195,758.9783325,0.003428347409,
757.9898071,0.0006239374052,757.9898071,0.004423114005,757.9898071,0.004466134589,
757.0009155,-0.001112137339,757.0009155,0.004744523671,757.0009155,0.004214557819,
756.0116577,0.00118003448,756.0116577,0.006190351211,756.0116577,0.00676853396,
755.0220947,0.001711999183,755.0220947,0.005415656138,755.0220947,0.005244245287,
754.0321045,-0.003100091824,754.0321045,0.005232533906,754.0321045,0.004839506,
753.0418091,-0.002040398074,753.0418091,0.005189489573,753.0418091,0.005138932262,
752.0510864,-0.001615950139,752.0510864,0.00407359004,752.0510864,0.002838749206,
751.0600586,-0.003299903357,751.0600586,0.004954721779,751.0600586,0.00453562988,
750.0686646,-0.002270981669,750.0686646,0.005704857409,750.0686646,0.003094874322,
748.9352417,-0.0005762016517,748.9352417,0.006191112567,748.9352417,0.004789146129,
747.9431152,0.000201957504,747.9431152,0.004300927743,747.9431152,0.005148388445,
746.9506226,0.001429469325,746.9506226,0.006975505967,746.9506226,0.007338562515,
745.9577637,-0.0004703520972,745.9577637,0.004607831128,745.9577637,0.005089035258,
744.9645386,0.001014801557,744.9645386,0.008040246554,744.9645386,0.007590533234,
743.9710083,-0.001108884113,743.9710083,0.005168479867,743.9710083,0.003677406348,
742.9771118,0.000138227173,742.9771118,0.006146975793,742.9771118,0.006213537417,
741.9828491,0.0001592796762,741.9828491,0.005402839277,741.9828491,0.003587506246,
740.9882202,0.0005749194534,740.9882202,0.005645873956,740.9882202,0.006493601017,
739.9932251,-0.002576280851,739.9932251,0.004728141241,739.9932251,0.003610945307,
738.9979248,-0.000950527261,738.9979248,0.006336210296,738.9979248,0.004158416297,
738.0022583,-0.0003986162483,738.0022583,0.006677282043,738.0022583,0.00589862233,
737.0062866,-0.0008340211352,737.0062866,0.006588782649,737.0062866,0.006247281097,
736.0099487,0.0006003997987,736.0099487,0.006979872473,736.0099487,0.004562259186,
735.0132446,-0.0003518030862,735.0132446,0.006151150446,735.0132446,0.005845305976,
734.0161743,-0.0002789093996,734.0161743,0.006278086454,734.0161743,0.006085202098,
733.0187378,-0.0001150737662,733.0187378,0.004565476906,733.0187378,0.00554570742,
732.0209961,0.0002185066405,732.0209961,0.006873927545,732.0209961,0.006189090665,
731.0229492,-0.0001523380924,731.0229492,0.006664401852,731.0229492,0.005476993509,
730.0244751,-0.0001808017405,730.0244751,0.006778499112,730.0244751,0.006508709863,
729.0256958,9.938760195E-5,729.0256958,0.006708696019,729.0256958,0.006931946613,
728.0266113,-0.0002581616864,728.0266113,0.00646280637,728.0266113,0.005938771181,
727.0270996,0.0005963041913,727.0270996,0.00706155831,727.0270996,0.007370603736,
726.0272827,0.0001443641522,726.0272827,0.007623857819,726.0272827,0.007008783054,
725.0271606,-0.000417029747,725.0271606,0.006035511382,725.0271606,0.006266872399,
724.0266724,-0.0001231997303,724.0266724,0.005884111859,724.0266724,0.006268947385,
723.0258179,5.306656021E-6,723.0258179,0.006832876708,723.0258179,0.006239061709,
722.0245972,-0.0001408485987,722.0245972,0.006186307408,722.0245972,0.006065225694,
721.0230713,-8.619172149E-5,721.0230713,0.007017701399,721.0230713,0.007223133463,
720.0212402,-0.0003843917802,720.0212402,0.007179470733,720.0212402,0.006748473272,
719.019043,0.0003839032142,719.019043,0.007413969841,719.019043,0.006448198576,
718.0164795,-0.0002941720304,718.0164795,0.00798020605,718.0164795,0.005613199435,
717.0136108,0.0003361040144,717.0136108,0.007584975101,717.0136108,0.006503796205,
716.010376,-0.0005153943202,716.010376,0.006507684942,716.010376,0.005827386864,
715.0068359,0.0009506924544,715.0068359,0.008141702041,715.0068359,0.007326636463,
714.0029297,0.000640917453,714.0029297,0.008391262963,714.0029297,0.00755289197,
712.9986572,0.0001192730342,712.9986572,0.006624316797,712.9986572,0.006617719773,
711.9940796,-0.001138421125,711.9940796,0.006843474228,711.9940796,0.006401802413,
710.9891968,-0.001284321072,710.9891968,0.007817216218,710.9891968,0.007549019996,
709.9839478,-0.0006174588925,709.9839478,0.007307523862,709.9839478,0.006371224765,
708.9783936,-0.0006201472133,708.9783936,0.006596798543,708.9783936,0.00708481716,
707.9724731,0.0003738247906,707.9724731,0.007274829317,707.9724731,0.007455654908,
706.9661865,0.0003685136326,706.9661865,0.007250296883,706.9661865,0.006416803226,
705.9595947,0.0004317854473,705.9595947,0.008208069019,705.9595947,0.007612529676,
704.9526978,0.001551447669,704.9526978,0.009634896182,704.9526978,0.008854619227,
703.9454346,-0.002233692678,703.9454346,0.004877672065,703.9454346,0.006387169939,
702.9378662,0.0010002458,702.9378662,0.007585686632,702.9378662,0.006663954817,
701.9299316,0.001897802693,701.9299316,0.009654561058,701.9299316,0.009108977392,
701.0657349,0.001238674042,701.0657349,0.008790610358,701.0657349,0.00812025927,
700.0571899,0.001127683674,700.0571899,0.008716045879,700.0571899,0.007119760383,
699.0483398,0.001713350532,699.0483398,0.009017734788,699.0483398,0.007683400065,
698.0391235,0.001636639936,698.0391235,0.009197119623,698.0391235,0.008960731328,
697.0296021,0.0006329328753,697.0296021,0.008873641491,697.0296021,0.007451546844,
696.0197754,0.0003110795224,696.0197754,0.007050271146,696.0197754,0.006504400168,
695.0095825,0.0005283172941,695.0095825,0.008871871047,695.0095825,0.008773677982,
693.9990845,0.001123998314,693.9990845,0.009852135554,693.9990845,0.008625070564,
692.9882202,-0.0004849874531,692.9882202,0.006443285383,692.9882202,0.005843810737,
691.9770508,-4.607457959E-5,691.9770508,0.008964457549,691.9770508,0.00921332743,
690.9655762,-0.0001755231642,690.9655762,0.006868693978,690.9655762,0.007189339958,
689.9537354,0.001499987091,689.9537354,0.01146388333,689.9537354,0.01020618435,
688.9415894,0.0009678408969,688.9415894,0.008970772848,688.9415894,0.009480172768,
687.9291382,0.0005380883231,687.9291382,0.008770218119,687.9291382,0.007769645657,
687.0610352,-0.001218966441,687.0610352,0.005543111823,687.0610352,0.00665811915,
686.0479736,0.0003618553455,686.0479736,0.008156288415,686.0479736,0.006778025534,
685.0345459,-0.001016128925,685.0345459,0.007834664546,685.0345459,0.008170110174,
684.020813,-0.001560498495,684.020813,0.008145052008,684.020813,0.008023950271,
683.0067749,0.001551915309,683.0067749,0.01013267506,683.0067749,0.008973256685,
681.9924316,0.002130767098,681.9924316,0.01033059973,681.9924316,0.009504329413,
680.9777222,0.0005440235836,680.9777222,0.009740008041,680.9777222,0.009051671252,
679.9627075,0.0005079207476,679.9627075,0.008619023487,679.9627075,0.008670701645,
678.9473877,0.0002995262621,678.9473877,0.009953195229,678.9473877,0.008834434673,
677.9317017,-0.0005174110411,677.9317017,0.008446977474,677.9317017,0.008225506172,
677.0609131,0.0009974956047,677.0609131,0.009367215447,677.0609131,0.008671520278,
676.0446777,6.272623432E-5,676.0446777,0.009307309054,676.0446777,0.008473742753,
675.0280762,-0.0001567371364,675.0280762,0.009569396265,675.0280762,0.007450414356,
674.0111694,-0.0006252652965,674.0111694,0.009335529059,674.0111694,0.007752964273,
672.9939575,0.0002498714603,672.9939575,0.00942377001,672.9939575,0.009801482782,
671.9764404,-0.0001493881136,671.9764404,0.00999104511,671.9764404,0.008401159197,
670.9586182,-0.0006487353239,670.9586182,0.009993137792,670.9586182,0.009270285256,
669.9404297,-0.0004143918923,669.9404297,0.009457525797,669.9404297,0.007934700698,
669.0675049,-0.0007364522899,669.0675049,0.01007605437,669.0675049,0.01028540451,
668.0487671,0.0008049707976,668.0487671,0.01123499777,668.0487671,0.009826133028,
667.0296631,0.0003348087193,667.0296631,0.01107829623,667.0296631,0.01019036304,
666.0103149,0.0006920429878,666.0103149,0.01137482841,666.0103149,0.01043614559,
664.9906006,-0.001188712078,664.9906006,0.0116608208,664.9906006,0.01037534978,
663.9705811,0.0007224826259,663.9705811,0.01298045926,663.9705811,0.0104659237,
662.9502563,0.0002356262266,662.9502563,0.0127587961,662.9502563,0.01078446116,
661.9296265,0.0001418523898,661.9296265,0.01222908404,661.9296265,0.01199670788,
661.0545654,0.0007471677964,661.0545654,0.009842947125,661.0545654,0.01159384474,
660.0333252,-7.164644921E-5,660.0333252,0.01175004058,660.0333252,0.01077095419,
659.0118408,-0.0002387065615,659.0118408,0.01269647479,659.0118408,0.01128255017,
657.9899902,0.0001636301458,657.9899902,0.01203912776,657.9899902,0.01098114345,
656.9678345,0.002217712346,656.9678345,0.01528225746,656.9678345,0.01312421449,
655.9453735,0.0006785350852,655.9453735,0.01421105582,655.9453735,0.01155120227,
655.0687256,0.0006537241861,655.0687256,0.013529622,655.0687256,0.01097254176,
654.0456543,0.0004951442243,654.0456543,0.01265756227,654.0456543,0.01271702629,
653.0223389,0.0003542385821,653.0223389,0.01343787275,653.0223389,0.012631285,
651.9986572,-0.000320350111,651.9986572,0.01353191864,651.9986572,0.01252048835,
650.9747314,0.0005791963194,650.9747314,0.0142311966,650.9747314,0.01292298548,
649.9504395,-0.0001209741677,649.9504395,0.01431792323,649.9504395,0.0126625197,
649.0722656,-0.0006673967,649.0722656,0.01520316582,649.0722656,0.01397684216,
648.0474243,0.0006150458357,648.0474243,0.01290226541,648.0474243,0.01444636006,
647.0222778,-0.001163877081,647.0222778,0.01248287037,647.0222778,0.01236398797,
645.9968262,-0.001065711025,645.9968262,0.01399183925,645.9968262,0.01292223949,
644.9710693,0.0006268667639,644.9710693,0.01325037703,644.9710693,0.01140421908,
643.9450073,0.001195037621,643.9450073,0.01423435379,643.9450073,0.01514330693,
643.0652466,0.001376257278,643.0652466,0.01409325097,643.0652466,0.01215033326,
642.0386353,-3.044083132E-5,642.0386353,0.01366493106,642.0386353,0.01264039893,
641.0117188,-0.001300838892,641.0117188,0.01390803792,641.0117188,0.01225839928,
639.9844971,-0.001134806545,639.9844971,0.01389125269,639.9844971,0.01074370183,
638.9569702,-0.000214438187,638.9569702,0.01455764845,638.9569702,0.01138181705,
637.9290771,-0.0006298663793,637.9290771,0.01477466058,637.9290771,0.01281259488,
637.0478516,-4.685107706E-5,637.0478516,0.01375429705,637.0478516,0.01311431639,
636.0194702,-0.002328299684,636.0194702,0.01392164268,636.0194702,0.0131512424,
634.9907837,-0.0001664666343,634.9907837,0.0131573258,634.9907837,0.01326921862,
633.961792,0.001420872868,633.961792,0.01510969549,633.961792,0.0148747284,
632.9324951,0.0004778848379,632.9324951,0.01337120961,632.9324951,0.01407052297,
632.0499878,-0.0008730322006,632.0499878,0.01478245389,632.0499878,0.01368897408,
631.0201416,-2.350382238E-5,631.0201416,0.01400558092,631.0201416,0.01271683909,
629.9899902,0.0003117012384,629.9899902,0.01310567185,629.9899902,0.01308737043,
628.9595337,0.001157089719,628.9595337,0.01578983106,628.9595337,0.01518115681,
627.928772,0.000124296319,627.928772,0.01342738047,627.928772,0.01250700746,
627.0450439,0.0009660767391,627.0450439,0.01340692956,627.0450439,0.01339205913,
626.0137329,0.0002832330647,626.0137329,0.01351958141,626.0137329,0.01370462868,
624.9821167,8.538031398E-5,624.9821167,0.01459587552,624.9821167,0.01296096295,
623.9502563,0.0004141917452,623.9502563,0.01480163075,623.9502563,0.01295960229,
623.0655518,0.0009196660831,623.0655518,0.01453947276,623.0655518,0.01328005455,
622.0330811,0.0005158511922,622.0330811,0.0146779092,622.0330811,0.01319641713,
621.0003662,-9.312773182E-5,621.0003662,0.01322056726,621.0003662,0.01131206751,
619.9673462,9.107638471E-5,619.9673462,0.01359652355,619.9673462,0.013154177,
618.934021,-0.0002131445217,618.934021,0.0137845166,618.934021,0.01147658844,
618.0480957,0.0002928949252,618.0480957,0.01447049901,618.0480957,0.0106619047,
617.0142212,0.001719249994,617.0142212,0.01610872522,617.0142212,0.01422881614,
615.9801025,0.0008515248192,615.9801025,0.01487336215,615.9801025,0.01347973943,
614.9456177,-3.225271939E-5,614.9456177,0.0123041207,614.9456177,0.01216281857,
614.0587769,-0.000604275614,614.0587769,0.01319019962,614.0587769,0.01158802211,
613.0237427,0.001017992967,613.0237427,0.01384555176,613.0237427,0.01242399774,
611.9884644,-0.001222012448,611.9884644,0.01296312269,611.9884644,0.0121884821,
610.9529419,-1.366757624E-5,610.9529419,0.01466936711,610.9529419,0.01387775596,
610.0650635,0.0006145533407,610.0650635,0.01584996656,610.0650635,0.01427220367,
609.0289917,0.0002265354124,609.0289917,0.01535296906,609.0289917,0.01280417014,
607.9926147,5.625385165E-5,607.9926147,0.0142987147,607.9926147,0.01342011802,
606.9559326,-0.0002241663897,606.9559326,0.01514129713,606.9559326,0.01407897286,
606.0671387,-0.0002864114358,606.0671387,0.01559216622,606.0671387,0.01442693174,
605.0299072,0.0002640394669,605.0299072,0.01631721295,605.0299072,0.01521619502,
603.9924316,0.002647099551,603.9924316,0.01635183208,603.9924316,0.01755063236,
602.9546509,-0.001241062186,602.9546509,0.01680807769,602.9546509,0.01579764113,
602.0648804,-0.0003379392438,602.0648804,0.01671119593,602.0648804,0.01588331163,
601.0266113,0.0005309868138,601.0266113,0.01844106242,601.0266113,0.01677745767,
599.9879761,-0.0003619937925,599.9879761,0.01733494923,599.9879761,0.01537072286,
598.9491577,0.0004123261606,598.9491577,0.01859101467,598.9491577,0.01645791158,
598.0584106,0.0003890332009,598.0584106,0.01901464909,598.0584106,0.01777138188,
597.019043,0.0002207598591,597.019043,0.01907864213,597.019043,0.01856321469,
595.9793701,0.0004137771612,595.9793701,0.01942970976,595.9793701,0.01717061922,
594.9393921,-7.009354886E-5,594.9393921,0.02019327879,594.9393921,0.0191142112,
594.0477905,-0.0004449588596,594.0477905,0.02032785863,594.0477905,0.01887815073,
593.0073242,0.0002728461404,593.0073242,0.02178890072,593.0073242,0.02120229043,
591.9665527,-0.0006494590198,591.9665527,0.02153737098,591.9665527,0.02171443962,
591.0742188,0.0001096409178,591.0742188,0.02291426249,591.0742188,0.02182921208,
590.032959,-1.496183177E-5,590.032959,0.02393142879,590.032959,0.02251554281,
588.991394,-0.0001172993652,588.991394,0.0248389449,588.991394,0.02319725417,
587.9495239,-0.0007782111061,587.9495239,0.02525143698,587.9495239,0.02335915528,
587.0563354,-0.001322620781,587.0563354,0.02645021863,587.0563354,0.02518962882,
586.0139771,-0.001196508179,586.0139771,0.02885451727,586.0139771,0.02758622356,
584.9713135,0.001677748049,584.9713135,0.03156403452,584.9713135,0.03042922541,
583.9284058,9.089514788E-5,583.9284058,0.0320754312,583.9284058,0.0292597115,
583.0342407,0.00017121766,583.0342407,0.0327430442,583.0342407,0.03065631725,
581.9908447,-0.00199123635,581.9908447,0.03475680575,581.9908447,0.03184823692,
580.9471436,-0.00109840103,580.9471436,0.0350128524,580.9471436,0.03482918814,
580.0523071,-0.00184980093,580.0523071,0.03746462613,580.0523071,0.03541968018,
579.0081177,0.0004575942876,579.0081177,0.04094610736,579.0081177,0.03992773592,
577.963623,-0.0001719005813,577.963623,0.04101517797,577.963623,0.0413675867,
577.0681763,0.0004564540868,577.0681763,0.04276252165,577.0681763,0.04210817069,
576.0231934,-0.0001629474864,576.0231934,0.04453312606,576.0231934,0.04368496314,
574.9779053,0.001549057662,574.9779053,0.04671951011,574.9779053,0.0458025746,
573.932373,-6.641831715E-5,573.932373,0.04788983613,573.932373,0.04612831771,
573.0360107,-0.000774283486,573.0360107,0.04697184265,573.0360107,0.04788133875,
571.9899292,2.529132689E-5,571.9899292,0.04952330515,571.9899292,0.04853996262,
570.9436646,0.0009212744189,570.9436646,0.05200271308,570.9436646,0.05084798485,
570.0465698,0.001425547642,570.0465698,0.05255869403,570.0465698,0.05253868178,
568.9998169,0.001071186969,568.9998169,0.05236909166,568.9998169,0.05287285149,
567.9526978,-0.000960703881,567.9526978,0.05217796937,567.9526978,0.05117022619,
567.0549927,-0.0002127822954,567.0549927,0.05238568038,567.0549927,0.05170813948,
566.0074463,-0.0001847864914,566.0074463,0.05191935971,566.0074463,0.05113565922,
564.9595947,0.0008957492537,564.9595947,0.05261476338,564.9595947,0.05247280747,
564.0612183,0.0002550516801,564.0612183,0.05187058449,564.0612183,0.05168554187,
563.0128784,-0.0002759085328,563.0128784,0.05150917545,563.0128784,0.05059534311,
561.9642944,-0.0005532447831,561.9642944,0.05063460767,561.9642944,0.04827260226,
561.0652466,0.0002466856677,561.0652466,0.04996853322,561.0652466,0.04966125637,
560.0161743,-8.909036114E-5,560.0161743,0.04986233637,560.0161743,0.04891403392,
558.9667969,-0.0004669388582,558.9667969,0.04884838685,558.9667969,0.047402706,
558.0671387,-0.0008763389196,558.0671387,0.04981129616,558.0671387,0.04844933748,
557.017334,-0.0002496243105,557.017334,0.04848499596,557.017334,0.0471682176,
555.9671631,0.001984467031,555.9671631,0.05020811036,555.9671631,0.04914711788,
555.0668945,0.0005736752646,555.0668945,0.04891664162,555.0668945,0.04803744331,
554.0162964,0.0001640962582,554.0162964,0.04923130572,554.0162964,0.04696090892,
552.9653931,0.001060054637,552.9653931,0.04963960499,552.9653931,0.04702275246,
552.0644531,-0.001395133091,552.0644531,0.04865782335,552.0644531,0.04782339185,
551.0131226,-0.0004483205848,551.0131226,0.04866222292,551.0131226,0.04785931483,
549.9614868,-0.001525057247,549.9614868,0.04990821332,549.9614868,0.0483969599,
549.0599365,-0.0009299149388,549.0599365,0.05079685524,549.0599365,0.04807835817,
548.0078125,-0.001283443533,548.0078125,0.04930947721,548.0078125,0.04866798595,
546.9555054,0.00106044393,546.9555054,0.05201281235,546.9555054,0.05129031464,
546.0532837,0.001647838973,546.0532837,0.05236222968,546.0532837,0.05257961154,
545.0004272,-0.0005267704837,545.0004272,0.0534552671,545.0004272,0.05217251182,
543.9473267,0.001458272454,543.9473267,0.05512453988,543.9473267,0.05361526459,
543.0444946,-0.000116885305,543.0444946,0.05403251573,543.0444946,0.0526683256,
541.9909058,-0.0001459205669,541.9909058,0.05427388102,541.9909058,0.05314504728,
540.9370728,-0.0002961380233,540.9370728,0.05449439213,540.9370728,0.05374605209,
540.0336304,-0.0005023113335,540.0336304,0.05495211855,540.0336304,0.0532646887,
538.9793091,-0.0006044824258,538.9793091,0.05463780463,538.9793091,0.05404286459,
537.9247437,3.888246647E-5,537.9247437,0.05501504987,537.9247437,0.0548832342,
537.0206909,0.001333619701,537.0206909,0.05750447139,537.0206909,0.05640291423,
535.9656372,0.0004904794623,535.9656372,0.05556936935,535.9656372,0.05492961779,
535.0611572,0.001025543548,535.0611572,0.05733520538,535.0611572,0.05646190047,
534.0056763,0.0004520229704,534.0056763,0.05496351793,534.0056763,0.05386044085,
532.9498901,4.747746061E-5,532.9498901,0.05563736334,532.9498901,0.0529987663,
532.0447998,-0.0001156431099,532.0447998,0.05533922464,532.0447998,0.05296314508,
530.9885864,0.0002152433881,530.9885864,0.05420164019,530.9885864,0.05382410437,
529.9321289,0.0002464784484,529.9321289,0.05461288244,529.9321289,0.0535341464,
529.0263672,9.902512102E-5,529.0263672,0.05456955731,529.0263672,0.05347438529,
527.9694214,-0.0002891535405,527.9694214,0.05462321267,527.9694214,0.05160865933,
527.0632935,-0.000535405823,527.0632935,0.05323109776,527.0632935,0.05062599853,
526.0059204,-0.0001767651847,526.0059204,0.05290279165,526.0059204,0.05098542199,
524.9482422,-7.128410653E-5,524.9482422,0.05240787566,524.9482422,0.04969375953,
524.0415039,-0.0009174643783,524.0415039,0.05161375925,524.0415039,0.05033313856,
522.9833984,-0.0004748513747,522.9833984,0.0504591018,522.9833984,0.05024679005,
521.9250488,0.0005349522107,521.9250488,0.05093197897,521.9250488,0.04858550057,
521.0177002,0.001529859961,521.0177002,0.05109279603,521.0177002,0.05068065599,
519.9589233,0.001341850962,519.9589233,0.05150077865,519.9589233,0.0497395061,
519.0511475,-0.0004952267627,519.0511475,0.0499175638,519.0511475,0.04822154716,
517.9918823,-0.0002772019943,517.9918823,0.04848337546,517.9918823,0.04581828043,
516.932373,-0.001732246717,516.932373,0.04847182706,516.932373,0.04609838128,
516.0240479,-0.000793817977,516.0240479,0.04909668118,516.0240479,0.04664039239,
514.9641113,-0.0001919279312,514.9641113,0.04752779379,514.9641113,0.04431064427,
514.0553589,-0.0001871152344,514.0553589,0.04666834697,514.0553589,0.04239496589,
512.9949341,0.0002030970209,512.9949341,0.04639462009,512.9949341,0.04484899342,
511.9342957,-0.002011643723,511.9342957,0.04528100044,511.9342957,0.04360719398,
511.0249634,0.0005123783485,511.0249634,0.04633727297,511.0249634,0.04418309778,
509.9638672,-0.0002817032801,509.9638672,0.0466761291,509.9638672,0.04483194277,
509.0541382,0.00106584141,509.0541382,0.04597718641,509.0541382,0.04290062189,
507.9926147,-0.0005220132298,507.9926147,0.04423987493,507.9926147,0.04045624286,
506.9308167,-5.658304144E-5,506.9308167,0.0440184325,506.9308167,0.04179588705,
506.0205078,3.085716889E-5,506.0205078,0.0436020419,506.0205078,0.04094107449,
504.9582825,-0.0009443798335,504.9582825,0.04274818301,504.9582825,0.03925976157,
504.0476074,6.241555093E-5,504.0476074,0.04316709563,504.0476074,0.04058792815,
502.9849243,0.0009771807818,502.9849243,0.0439078398,502.9849243,0.04006511346,
502.0738525,0.00114091998,502.0738525,0.04313576221,502.0738525,0.04159862176,
501.0107422,-1.506537228E-5,501.0107422,0.04211727157,501.0107422,0.04022482038,
499.9473877,-0.001295057707,499.9473877,0.04170332849,499.9473877,0.03823049366,
499.0357361,-0.000636173354,499.0357361,0.04159998894,499.0357361,0.03852619231,
497.9719543,0.0004940298386,497.9719543,0.04217802733,497.9719543,0.03977466002,
497.0599365,-0.0003208157141,497.0599365,0.0416784212,497.0599365,0.03860031068,
495.995697,-0.001058842172,495.995697,0.04023001716,495.995697,0.03842363507,
494.9312439,-0.000495899003,494.9312439,0.04123597592,494.9312439,0.03873341903,
494.0186462,-0.001178540755,494.0186462,0.04116274416,494.0186462,0.03948332742,
492.9537659,-0.0001790422248,492.9537659,0.04175171256,492.9537659,0.03856955841,
492.040802,0.0002224174095,492.040802,0.04149872437,492.040802,0.03938284144,
490.9754639,-0.0004864871735,490.9754639,0.04128001258,490.9754639,0.03907788917,
490.0621338,-0.00134125317,490.0621338,0.04123492166,490.0621338,0.03927483782,
488.9963684,0.0002918847022,488.9963684,0.04150535911,488.9963684,0.03932185099,
487.9303589,-0.0009243871318,487.9303589,0.04136294499,487.9303589,0.03853818774,
487.0164795,0.001336917398,487.0164795,0.04297029227,487.0164795,0.04091840237,
485.9500427,-0.0001406415831,485.9500427,0.04278591648,485.9500427,0.04127292335,
485.0357971,-0.0001649140759,485.0357971,0.04183550552,485.0357971,0.03981208056,
483.9689331,-0.0006569029647,483.9689331,0.04273264483,483.9689331,0.04074362293,
483.0543213,-0.0001561161043,483.0543213,0.04207537323,483.0543213,0.03884120286,
481.9870605,-0.0009128146921,481.9870605,0.04298821092,481.9870605,0.04088031873,
481.072052,0.0006261409144,481.072052,0.04257774726,481.072052,0.04163158312,
480.004364,0.0004351280513,480.004364,0.04344002903,480.004364,0.04176151752,
478.9364319,-0.0001485600515,478.9364319,0.04355293512,478.9364319,0.03992597759,
478.0209045,-0.0008445621934,478.0209045,0.04355144501,478.0209045,0.03970967233,
476.9525452,0.0007133038016,476.9525452,0.04504386708,476.9525452,0.0423838906,
476.0366516,0.0002053760545,476.0366516,0.04492460191,476.0366516,0.04182624444,
474.9678955,0.001121247304,474.9678955,0.04768027738,474.9678955,0.04621152207,
474.0516357,0.0002823264513,474.0516357,0.04668313637,474.0516357,0.0426728949,
472.9824524,-0.000170141022,472.9824524,0.04675251991,472.9824524,0.04499634355,
472.0658264,-0.001270641806,472.0658264,0.04757463932,472.0658264,0.04556322843,
470.9962463,-0.0009095598944,470.9962463,0.04840639234,470.9962463,0.04506143928,
469.9264221,-0.0009537300793,469.9264221,0.04985815659,469.9264221,0.04644030705,
469.0092468,-0.001337898313,469.0092468,0.05078643933,469.0092468,0.04778888822,
467.9390259,0.0008897054358,467.9390259,0.05337540805,467.9390259,0.0496131666,
467.0215149,-0.0003712014295,467.0215149,0.0528572686,467.0215149,0.04900591448,
465.9508667,0.0002509074984,465.9508667,0.05475662649,465.9508667,0.05182298273,
465.03302,5.744476221E-5,465.03302,0.05648321286,465.03302,0.05446460843,
463.9619446,-0.001893566223,463.9619446,0.05682565644,463.9619446,0.05431570858,
463.0437317,-0.0006204057136,463.0437317,0.05800123513,463.0437317,0.05490814149,
461.97229,-0.0003539757454,461.97229,0.06005594507,461.97229,0.05831272528,
461.0537109,0.0005707981181,461.0537109,0.06192254275,461.0537109,0.05872968584,
459.9818726,0.0001249954366,459.9818726,0.06494685262,459.9818726,0.0625295192,
459.0629578,0.0001819387981,459.0629578,0.06569205225,459.0629578,0.06270318478,
457.9906921,0.0001407907112,457.9906921,0.06836906821,457.9906921,0.06576541811,
457.0714417,-0.0002856353531,457.0714417,0.07147239149,457.0714417,0.06944144517,
455.9987793,-0.001004920457,455.9987793,0.07269342989,455.9987793,0.07107463479,
454.9258728,0.0008477640222,454.9258728,0.07655916363,454.9258728,0.07351653278,
454.0061035,-0.001035497524,454.0061035,0.0785818398,454.0061035,0.07613133639,
452.9328308,-0.001287418185,452.9328308,0.08166775852,452.9328308,0.07989408821,
452.0126953,-0.0008855873602,452.0126953,0.08474577963,452.0126953,0.083534576,
450.9390259,0.0005783927627,450.9390259,0.08883416653,450.9390259,0.08737366647,
450.0185547,-0.002397194738,450.0185547,0.09157909453,450.0185547,0.0901478976,
448.9444885,-0.001475475961,448.9444885,0.09661743045,448.9444885,0.0948568061,
448.0236816,0.001630819519,448.0236816,0.1028278098,448.0236816,0.1007104367,
446.9492188,-0.0009907159256,446.9492188,0.1063628942,446.9492188,0.1043902263,
446.0280762,-0.0002883774578,446.0280762,0.1103354245,446.0280762,0.110403046,
444.9532166,-0.001204046072,444.9532166,0.1170017943,444.9532166,0.1155891046,
444.0317383,0.0002222620096,444.0317383,0.1218866259,444.0317383,0.1205954254,
442.9564819,0.0006268408033,442.9564819,0.1304483861,442.9564819,0.1289277673,
442.034668,1.307261118E-5,442.034668,0.1378389001,442.034668,0.1373463571,
440.9590454,0.001248486922,440.9590454,0.1478430331,440.9590454,0.1475659907,
440.0368958,0.0002566834446,440.0368958,0.1534412801,440.0368958,0.1540326625,
438.9608765,0.001050142222,438.9608765,0.1638210863,438.9608765,0.1661046743,
438.0384216,-0.0004888143158,438.0384216,0.174167186,438.0384216,0.1748409718,
436.9620056,-0.0007009954425,436.9620056,0.1865475327,436.9620056,0.1892946064,
436.0391846,-0.0003713566111,436.0391846,0.1990364045,436.0391846,0.2019900978,
434.9624023,-0.0001005294616,434.9624023,0.2137572914,434.9624023,0.2165700048,
434.0392761,0.0002974280505,434.0392761,0.2261642814,434.0392761,0.2288337201,
432.9620972,-0.0007153129554,432.9620972,0.2452845275,432.9620972,0.2475186735,
432.0386353,-0.0003341110714,432.0386353,0.2639782131,432.0386353,0.2678234279,
430.9610901,-0.001273171278,430.9610901,0.284986496,430.9610901,0.2881335616,
430.037323,0.001036778791,430.037323,0.3041916192,430.037323,0.3105376959,
428.9593811,-0.000252107915,428.9593811,0.3284508586,428.9593811,0.3331750929,
428.0352783,-0.0002078663383,428.0352783,0.34225595,428.0352783,0.3467828035,
426.9569702,-0.001742508146,426.9569702,0.366694659,426.9569702,0.374322325,
426.0325317,-0.0001681744616,426.0325317,0.3887317479,426.0325317,0.3986518681,
424.9538574,-0.0001109330915,424.9538574,0.4088019431,424.9538574,0.417006284,
424.0291138,-0.001702388981,424.0291138,0.4247981906,424.0291138,0.4329756796,
422.9500427,-0.002031431766,422.9500427,0.4416847825,422.9500427,0.4503535628,
422.0249939,-0.001534910873,422.0249939,0.4561042488,422.0249939,0.4631300867,
420.9455566,0.0008107022732,420.9455566,0.4713154137,420.9455566,0.4798330069,
420.0201721,9.389855404E-5,420.0201721,0.4770065248,420.0201721,0.4855111539,
418.9403992,-0.0001668806508,418.9403992,0.4816262722,418.9403992,0.4922451079,
418.014679,-0.001408137614,418.014679,0.484973073,418.014679,0.4931136072,
416.9345398,-0.001133980346,416.9345398,0.4838868976,416.9345398,0.4914612174,
416.0085144,-0.0007607432199,416.0085144,0.4784730673,416.0085144,0.4860602021,
414.9279785,-0.0008379999199,414.9279785,0.4710680842,414.9279785,0.4800025821,
414.0016785,0.000161791555,414.0016785,0.4641543329,414.0016785,0.4690479934,
413.0751953,-0.00111131114,413.0751953,0.4560886323,413.0751953,0.4593938887,
411.9941406,0.0006747238804,411.9941406,0.4449858963,411.9941406,0.4471428394,
411.0673523,0.0001602637058,411.0673523,0.4308653772,411.0673523,0.435998261,
409.9859314,-0.000588558556,409.9859314,0.4163537621,409.9859314,0.4173424542,
409.0588379,-0.0007012538845,409.0588379,0.4062788785,409.0588379,0.4069373012,
407.9770508,-0.001141570974,407.9770508,0.3907537162,407.9770508,0.3908679485,
407.0496826,-0.001057396061,407.0496826,0.3775552213,407.0496826,0.3833450675,
405.9675293,-0.0003786501475,405.9675293,0.3642727137,405.9675293,0.3674742579,
405.0398254,6.21566578E-5,405.0398254,0.3537432551,405.0398254,0.3536095321,
403.9573364,-0.0005963654839,403.9573364,0.3418052197,403.9573364,0.3409443796,
403.0293274,-0.0007939213538,403.0293274,0.3305173814,403.0293274,0.3284252882,
401.9464722,-0.0007951615844,401.9464722,0.3213568926,401.9464722,0.3185213506,
401.018158,-0.001391830272,401.018158,0.3118850887,401.018158,0.3118295372,
399.934967,-0.0009262469248,399.934967,0.3036132753,399.934967,0.2980949879,
399.0063477,0.0008006398566,399.0063477,0.2987140417,399.0063477,0.2943639457,
397.9227905,-4.95429158E-5,397.9227905,0.2896135151,397.9227905,0.281368345,
396.9938965,0.001035040361,396.9938965,0.2852458358,396.9938965,0.277179867,
396.0648499,0.001032756874,396.0648499,0.2790246606,396.0648499,0.2712367177,
394.9807739,-0.0003451816156,394.9807739,0.2704935968,394.9807739,0.2618255615,
394.0514526,0.000302272063,394.0514526,0.26525563,394.0514526,0.2590200007,
392.967041,0.0008306202944,392.967041,0.25903669,392.967041,0.2526512146,
392.037384,-0.000692363421,392.037384,0.2520439327,392.037384,0.2444342971,
390.9526367,-0.0002109194174,390.9526367,0.2469003052,390.9526367,0.2382993698,
390.0227051,2.676691656E-5,390.0227051,0.2411065996,390.0227051,0.2330336273,
388.9375916,0.0007251533098,388.9375916,0.2326217592,388.9375916,0.2273578048,
388.0073547,-0.0005383014795,388.0073547,0.228823632,388.0073547,0.2215148062,
387.0769958,-0.0002806684934,387.0769958,0.2252623588,387.0769958,0.2152306288,
385.9914246,-0.0002388100402,385.9914246,0.2200617492,385.9914246,0.2122620195,
385.0607605,-5.62206842E-5,385.0607605,0.2130074352,385.0607605,0.207040146,
383.974823,-0.001865575556,383.974823,0.208650589,383.974823,0.2025550306,
383.0438843,-0.0001755749108,383.0438843,0.2070184648,383.0438843,0.1992475539,
381.9576111,-0.0001857697498,381.9576111,0.2038000226,381.9576111,0.1920097768,
381.0263672,-0.001092152437,381.0263672,0.1995372474,381.0263672,0.1917895526,
379.9397583,-0.0005572261289,379.9397583,0.1951053143,379.9397583,0.1889709383,
379.0082397,-4.654047734E-5,379.0082397,0.1938111037,379.0082397,0.1862967014,
378.0765991,0.00033706252,378.0765991,0.1911405921,378.0765991,0.1843721122,
376.989502,9.879209392E-5,376.989502,0.1897467524,376.989502,0.18308869,
376.0575562,0.000882260967,376.0575562,0.1877660006,376.0575562,0.1819889694,
374.9701538,0.002333015436,374.9701538,0.1886997521,374.9701538,0.1824145764,
374.0379333,-0.0005043281126,374.0379333,0.1840731353,374.0379333,0.1775795072,
372.9501648,-0.0002863079717,372.9501648,0.1857743859,372.9501648,0.1789485365,
372.0176697,-8.857274952E-5,372.0176697,0.1848587841,372.0176697,0.1773549467,
370.9295959,-0.0007562985993,370.9295959,0.183844924,370.9295959,0.1790424734,
369.9968262,-0.0008240998723,369.9968262,0.1842777729,369.9968262,0.1777567863,
369.0639038,-9.209250857E-5,369.0639038,0.1844821572,369.0639038,0.1785564125,
367.9753723,-0.0002253565326,367.9753723,0.1839254498,367.9753723,0.1770395488,
367.0421753,-0.00182768458,367.0421753,0.1847938448,367.0421753,0.1769413501,
365.9533081,-0.0007963501848,365.9533081,0.1850369871,365.9533081,0.1794748604,
365.0198364,0.0001654687367,365.0198364,0.1853383034,365.0198364,0.1790999025,
363.9306335,0.0004641762935,363.9306335,0.1845681816,363.9306335,0.1768630743,
362.9969177,7.336703129E-5,362.9969177,0.1860578954,362.9969177,0.1805958152,
362.0630493,-0.0004093230527,362.0630493,0.184073925,362.0630493,0.1798072606,
360.9733887,0.001668627025,360.9733887,0.1855750382,360.9733887,0.1806943864,
360.0392456,-0.0002798924106,360.0392456,0.1841269284,360.0392456,0.1789553016,
358.9492798,0.0005317124887,358.9492798,0.1821591109,358.9492798,0.1782653183,
358.0148621,0.000768586935,358.0148621,0.1812225133,358.0148621,0.1782326102,
356.9245605,0.0005222526379,356.9245605,0.178314805,356.9245605,0.1754858643,
355.9898987,0.0003559743636,355.9898987,0.1770477593,355.9898987,0.1744535863,
355.0550842,-0.001102480688,355.0550842,0.1759915054,355.0550842,0.1737269163,
353.9643555,0.001144216163,353.9643555,0.1727043539,353.9643555,0.1704519987,
353.0292969,0.001356755733,353.0292969,0.1737407744,353.0292969,0.1706020832,
351.9382324,0.0001991864265,351.9382324,0.1698196232,351.9382324,0.1667824239,
351.0028992,0.0004963622196,351.0028992,0.167616576,351.0028992,0.1627834737,
350.0674438,2.966633292E-5,350.0674438,0.1637138575,350.0674438,0.1610144526,
348.9759216,-0.0008744272636,348.9759216,0.1618196517,348.9759216,0.1588399708,
348.0402222,0.0001504235261,348.0402222,0.1584253162,348.0402222,0.1545936614,
346.9483948,0.000315094745,346.9483948,0.1559839398,346.9483948,0.153215304,
346.0124207,-0.00203210162,346.0124207,0.1522716582,346.0124207,0.150529325,
345.0763245,-0.0005124468007,345.0763245,0.1495087892,345.0763245,0.1474160999,
343.9840698,-0.0004234432708,343.9840698,0.1466044188,343.9840698,0.1444073021,
343.047699,0.0006138015888,343.047699,0.1431242228,343.047699,0.1425079554,
341.9551392,-0.0001687954791,341.9551392,0.1402532309,341.9551392,0.1375398487,
341.0185242,-3.370222475E-5,341.0185242,0.1383053958,341.0185242,0.133963868,
339.9256592,0.0008287010714,339.9256592,0.137302205,339.9256592,0.1348927468,
338.9888,-0.001040869043,338.9888,0.1325543672,338.9888,0.1305954307,
338.0517883,0.0005600933218,338.0517883,0.1286427826,338.0517883,0.1266076565,
336.9584961,0.00126595865,336.9584961,0.1278155744,336.9584961,0.1270460635,
336.0212708,0.0004951960291,336.0212708,0.1257557422,336.0212708,0.123715505,
334.9276733,-0.0004458898038,334.9276733,0.1196722537,334.9276733,0.1181981191,
333.9901733,0.0005113157677,333.9901733,0.1186781228,333.9901733,0.1172925979,
333.0525513,0.001141490997,333.0525513,0.1173701286,333.0525513,0.1141889021,
331.9585266,0.0006352400524,331.9585266,0.1144936308,331.9585266,0.1102787629,
331.0206604,-0.001554823946,331.0206604,0.1107221246,331.0206604,0.1077073663,
329.9263611,9.07915819E-5,329.9263611,0.1097197235,329.9263611,0.1078673154,
328.9882507,0.0005322567886,328.9882507,0.1081317067,328.9882507,0.1041363925,
328.0500183,0.0004632174969,328.0500183,0.1056362092,328.0500183,0.1012841687,
326.9552917,-0.0001499056525,326.9552917,0.1020488515,326.9552917,0.09970896691,
326.0168152,-0.0001810087415,326.0168152,0.1024700329,326.0168152,0.09945531189,
324.9217834,-0.001345485332,324.9217834,0.09963800758,324.9217834,0.09703492373,
323.9830627,-0.0005521589774,323.9830627,0.0988234356,323.9830627,0.09310097247,
323.0442505,0.001956149004,323.0442505,0.09810956568,323.0442505,0.09455228597,
321.9487915,0.0004966991255,321.9487915,0.09464092553,321.9487915,0.09299690276,
321.0097351,0.00022827067,321.0097351,0.09423836321,321.0097351,0.09166917205,
320.0705566,-0.0003338006791,320.0705566,0.09234360605,320.0705566,0.08902338147,
318.9747009,0.0005230820389,318.9747009,0.09164551646,318.9747009,0.08925653994,
318.0352783,-0.0006407742621,318.0352783,0.09101901948,318.0352783,0.08634796739,
316.9391479,0.0003165713279,316.9391479,0.08986805379,316.9391479,0.08667936921,
315.9994812,0.0001517441706,315.9994812,0.08836552501,315.9994812,0.08629021049,
315.0597229,0.0001979174267,315.0597229,0.08855650574,315.0597229,0.08608344197,
313.9631653,0.001136689447,313.9631653,0.0907523036,313.9631653,0.0878508687,
313.0231628,-0.0006663111271,313.0231628,0.08961826563,313.0231628,0.08670506626,
311.9263611,0.0006683201646,311.9263611,0.0912925154,311.9263611,0.08961613476,
310.9861145,0.0002412206522,310.9861145,0.09076981246,310.9861145,0.08754438162,
310.0457458,-0.0003590452252,310.0457458,0.0936833322,310.0457458,0.08959437162,
308.9485474,0.0006516760914,308.9485474,0.09732771665,308.9485474,0.09402253479,
308.0079651,-0.0003230402654,308.0079651,0.1002956927,308.0079651,0.0972347036,
307.0672607,-0.0003163148649,307.0672607,0.1048618928,307.0672607,0.1022629142,
305.9696655,0.0006277222419,305.9696655,0.1112470031,305.9696655,0.106666252,
305.028717,-0.001574013848,305.028717,0.1165402606,305.028717,0.115554817,
303.9308472,-0.0009513537516,303.9308472,0.1287523806,303.9308472,0.1276300251,
302.9896851,0.0002549480705,302.9896851,0.1418760568,302.9896851,0.1397036165,
302.0484314,-0.001095664105,302.0484314,0.1535901278,302.0484314,0.15101327,
300.9501648,0.0002972726361,300.9501648,0.1707629859,300.9501648,0.1653356105,
300.0086975,-0.0007847226807,300.0086975,0.1880456507,300.0086975,0.1852417737,
299.0671082,0.0002431631874,299.0671082,0.2099046856,299.0671082,0.2063250542,
297.9684448,0.0001419559558,297.9684448,0.2319527715,297.9684448,0.2294902802,
297.0266418,2.283202411E-5,297.0266418,0.2511355877,297.0266418,0.2483234107,
295.9277344,-0.0007325759507,295.9277344,0.2834735513,295.9277344,0.2747713327,
294.9856873,0.001063583768,294.9856873,0.3100971878,294.9856873,0.3099407256,
294.0435486,0.0002254217397,294.0435486,0.3513371348,294.0435486,0.3585859835,
292.9442444,0.0005357297487,292.9442444,0.4153985977,292.9442444,0.4110013545,
292.0018921,-0.0007515954785,292.0018921,0.4610694349,292.0018921,0.4571564794,
291.0594177,-0.0006732895854,291.0594177,0.497479856,291.0594177,0.4882088304,
289.9597778,0.000446892227,289.9597778,0.5368034244,289.9597778,0.5314227343,
289.0170898,-0.0004268568591,289.0170898,0.5710932612,289.0170898,0.5640352368,
288.0743103,0.0009243354434,288.0743103,0.5953179598,288.0743103,0.5986335874,
286.9742737,-0.0001186450681,286.9742737,0.6471116543,286.9742737,0.6597893834,
286.03125,-0.0001359835878,286.03125,0.6999013424,286.03125,0.7041826844,
284.9309692,0.0002988527704,284.9309692,0.7474060655,284.9309692,0.7538859248,
283.9877625,-0.0005144635215,283.9877625,0.7949729562,283.9877625,0.7943831086,
283.0444641,-0.0006549903192,283.0444641,0.8109249473,283.0444641,0.8172587752,
281.9437866,-0.0002712520072,281.9437866,0.835175395,281.9437866,0.8335776925,
281.0002747,-0.0006632095901,281.0002747,0.8430019617,281.0002747,0.8476347923,
280.0566406,-0.0005111023202,280.0566406,0.8629582524,280.0566406,0.8629182577,
278.9556274,-0.0006693092873,278.9556274,0.8801071644,278.9556274,0.8820409179,
278.0118103,-0.0003873918904,278.0118103,0.88916713,278.0118103,0.8911632299,
277.0678711,0.0005896164803,277.0678711,0.8901666999,277.0678711,0.8961848021,
275.9664917,0.0006845759926,275.9664917,0.8908793926,275.9664917,0.8975992799,
275.0223694,0.0004686852917,275.0223694,0.8945062757,275.0223694,0.898439467,
274.078125,0.0004586567229,274.078125,0.8953246474,274.078125,0.8981147408,
272.9764099,0.000320612482,272.9764099,0.8817710876,272.9764099,0.8905560374,
272.0319519,-0.0004115471675,272.0319519,0.8783815503,272.0319519,0.8863015175,
270.9299927,0.000446944061,270.9299927,0.8742098212,270.9299927,0.8785839081,
269.9853516,0.0007281092694,269.9853516,0.8734827638,269.9853516,0.8752331734,
269.0406189,0.000223064897,269.0406189,0.8679087162,269.0406189,0.8721971512,
267.9382935,-0.0003783915017,267.9382935,0.8618309498,267.9382935,0.8666664362,
266.9933777,0.001421625959,266.9933777,0.8504977226,266.9933777,0.8535478711,
266.0483398,0.001205187058,266.0483398,0.8345915675,266.0483398,0.8376094103,
264.9456787,0.001850928413,264.9456787,0.8262166977,264.9456787,0.8287822604,
264.0004578,-0.0001630509942,264.0004578,0.814119339,264.0004578,0.8086352348,
263.0551147,0.0018272202,263.0551147,0.7975760102,263.0551147,0.7981157899,
261.9521179,-0.0007567120483,261.9521179,0.780572176,261.9521179,0.7823852301,
261.0065918,0.001028553466,261.0065918,0.7683828473,261.0065918,0.7692430019,
260.0610046,-0.0008898239466,260.0610046,0.7574201822,260.0610046,0.7616764307,
258.9576721,0.0004184670106,258.9576721,0.750233233,258.9576721,0.7566444278,
258.0118713,0.0008162781596,258.0118713,0.7401695848,258.0118713,0.7435911894,
257.0659485,-0.002311460441,257.0659485,0.7234294415,257.0659485,0.7285534739,
255.9622955,0.0001203864376,255.9622955,0.7047575712,255.9622955,0.702529192,
255.0162048,-0.001793605741,255.0162048,0.6789552569,255.0162048,0.691177249,
254.0700226,-0.0007661696873,254.0700226,0.677410543,254.0700226,0.6823842525,
252.9660339,4.325760892E-5,252.9660339,0.6705974936,252.9660339,0.6771572828,
252.0196686,-0.0008580998983,252.0196686,0.662445128,252.0196686,0.6690185666,
251.0732117,0.00120705599,251.0732117,0.6579601765,251.0732117,0.6635329127,
249.9690857,0.002094141906,249.9690857,0.6483231187,249.9690857,0.6567277312,
249.0280762,0.0007580328383,249.0280762,0.6497446299,249.0280762,0.6553544402,
247.9301453,-0.0002616283309,247.9301453,0.6580444574,247.9301453,0.6644411087,
246.9889526,-0.002874113852,246.9889526,0.6691316962,246.9889526,0.6781757474,
246.0476837,-0.0001159019012,246.0476837,0.6860772371,246.0476837,0.6904093623,
244.9494171,0.0004242451978,244.9494171,0.7178697586,244.9494171,0.7267466187,
244.0079651,0.0003473214456,244.0079651,0.7671350241,244.0079651,0.7756747603,
243.0664215,0.0001418005995,243.0664215,0.7917913795,243.0664215,0.823107779,
241.9678497,7.61373085E-5,241.9678497,0.8677497506,241.9678497,0.8813348413,
241.026123,0.000280539185,241.026123,0.9438280463,241.026123,0.9570616484,
239.9273529,0.000973989605,239.9273529,1.062848806,239.9273529,1.088735938,
238.9854431,0.0009882850572,238.9854431,1.213630199,238.9854431,1.227934718,
238.043457,0.001578232506,238.043457,1.354054093,238.043457,1.458689451,
236.9443817,0.0002848390432,236.9443817,1.625977516,236.9443817,1.629961371,
236.0022125,-0.0004578884109,236.0022125,1.851056814,236.0022125,1.924830675,
235.059967,0.001394045888,235.059967,2.078241825,235.059967,2.702900887,
233.9605865,0.0005478336243,233.9605865,2.514625072,233.9605865,10,
233.018158,0.001175284502,233.018158,1.937324047,233.018158,3.396606445,
232.0756531,0.000326233916,232.0756531,2.534219503,232.0756531,3.291847706,
230.9759827,-0.001803504885,230.9759827,3.434479237,230.9759827,3.124839067,
230.0332947,-0.001016077236,230.0332947,2.039347649,230.0332947,2.876797915,
228.9334106,-0.0006960333558,228.9334106,2.574298143,228.9334106,2.355359554,
227.9905701,0.001201890409,227.9905701,3.362833738,227.9905701,10,
227.0476532,-0.001857946045,227.0476532,3.067826033,227.0476532,10,
225.947464,-6.201834913E-5,225.947464,2.264371872,225.947464,3.024963379,
225.0043793,-0.002875759499,225.0043793,2.587455511,225.0043793,2.759627342,
224.061203,-0.0009714485495,224.061203,2.58637476,224.061203,10,
222.9607391,0.007375343237,222.9607391,1.84258461,222.9607391,2.602528811,
222.017395,-0.01017553452,222.017395,1.867694378,222.017395,2.438812494,
221.0739899,0.01941817813,221.0739899,1.605691075,221.0739899,1.657398343,
219.9732361,0.00622102106,219.9732361,2.198718309,219.9732361,1.39110899,
219.0296631,0.004241716582,219.0296631,1.265475869,219.0296631,1.890046358,
217.9287109,-0.03535287455,217.9287109,2.611875296,217.9287109,2.007619143,
216.9849701,0.03582317755,216.9849701,1.64578414,216.9849701,1.016333103,
216.041153,0.05704575777,216.041153,0.8685515523,216.041153,1.260304093,
214.9399414,-0.01903010905,214.9399414,10,214.9399414,10,
213.9959564,0.05277561769,213.9959564,1.006926179,213.9959564,1.173505545,
213.0518951,0.02300727181,213.0518951,0.5308244228,213.0518951,0.8027586937,
211.9504089,-0.08496153355,211.9504089,0.5479999185,211.9504089,0.8759612441,
211.0061951,0.1886525601,211.0061951,1.01827848,211.0061951,1.047276258,
210.0619202,-0.06942602247,210.0619202,0.4430906773,210.0619202,0.03169369325,
208.9601593,0.1957559586,208.9601593,0.7027029395,208.9601593,0.3374400735,
208.0157166,-0.50856179,208.0157166,10,208.0157166,1.328999519,
207.0711975,-0.3059908152,207.0711975,0.02290233783,207.0711975,-0.1728055924,
205.9691772,-0.1007101312,205.9691772,-0.3690610826,205.9691772,0.4648830593,
205.0245056,-0.00297418586,205.0245056,0.6098921299,205.0245056,0.0389364101,
203.9223022,0.218777284,203.9223022,0.7267875671,203.9223022,10,
202.977478,0.1321474165,202.977478,-0.05883310363,202.977478,0.5749920011,
202.0325928,-0.1593239307,202.0325928,-0.4899869859,202.0325928,0.9703012109,
200.93013,-0.1933486313,200.93013,-0.1016949937,200.93013,-0.1770314872,
199.9848938,0.663402617,199.9848938,10,199.9848938,0.6970368028,

blank,
blank
Collection Time: 05/11/2019 15:36:11
Operator Name  :
Scan Software Version: 3.00(339)
Parameter List :
Instrument                        Cary 50
Instrument Version                3.00
Start (nm)                        800.0
Stop (nm)                         200.0
X Mode                            Nanometers
Y Mode                            Abs
UV-Vis Scan Rate (nm/min)         4800.00
UV-Vis Data Interval (nm)         1.00
UV-Vis Ave. Time (sec)            0.0125
Beam Mode                         Dual Beam
Baseline Correction               On
Baseline Type                     Baseline correction
Baseline File Name
Baseline Std Ref File Name
Cycle Mode                        Off
Comments
Method Log     :
Method Name    :
Date/Time stamp: 05/11/2019 15:35:00
Method Modifications:
Common Interval nm Changed: 05/11/2019 15:35:25, Old:     5.00, New:     1.00
Baseline Correction Changed: 05/11/2019 15:35:25, Old:0, New:1
Storage Changed: 05/11/2019 15:35:25, Old:1, New:0
End Method Modifications
<Current Wavelength> , 202.0

bm3Rep2_workingconc,
bm3Rep2_workingconc
Collection Time: 05/11/2019 15:36:35
Operator Name  :
Scan Software Version: 3.00(339)
Parameter List :
Instrument                        Cary 50
Instrument Version                3.00
Start (nm)                        800.0
Stop (nm)                         200.0
X Mode                            Nanometers
Y Mode                            Abs
UV-Vis Scan Rate (nm/min)         4800.00
UV-Vis Data Interval (nm)         1.00
UV-Vis Ave. Time (sec)            0.0125
Beam Mode                         Dual Beam
Baseline Correction               On
Baseline Type                     Baseline correction
Baseline File Name
Baseline Std Ref File Name
Cycle Mode                        Off
Comments
Method Log     :
Method Name    :
Date/Time stamp: 05/11/2019 15:35:00
Method Modifications:
Common Interval nm Changed: 05/11/2019 15:35:25, Old:     5.00, New:     1.00
Baseline Correction Changed: 05/11/2019 15:35:25, Old:0, New:1
Storage Changed: 05/11/2019 15:35:25, Old:1, New:0
End Method Modifications
<Current Wavelength> , 202.0

bm3Rep3_workingconc,
bm3Rep3_workingconc
Collection Time: 05/11/2019 15:36:56
Operator Name  :
Scan Software Version: 3.00(339)
Parameter List :
Instrument                        Cary 50
Instrument Version                3.00
Start (nm)                        800.0
Stop (nm)                         200.0
X Mode                            Nanometers
Y Mode                            Abs
UV-Vis Scan Rate (nm/min)         4800.00
UV-Vis Data Interval (nm)         1.00
UV-Vis Ave. Time (sec)            0.0125
Beam Mode                         Dual Beam
Baseline Correction               On
Baseline Type                     Baseline correction
Baseline File Name
Baseline Std Ref File Name
Cycle Mode                        Off
Comments
Method Log     :
Method Name    :
Date/Time stamp: 05/11/2019 15:35:00
Method Modifications:
Common Interval nm Changed: 05/11/2019 15:35:25, Old:     5.00, New:     1.00
Baseline Correction Changed: 05/11/2019 15:35:25, Old:0, New:1
Storage Changed: 05/11/2019 15:35:25, Old:1, New:0
End Method Modifications
<Current Wavelength> , 202.0

