experiment_number,ligand,km,vmax,rsq,protein_concentration,a420_max,auc_mean,auc_cv,std_405,dd_soret,protein_volume,concentrations,controls_ok,centrifuge_minutes,plate_type,centrifuge_rpm,dispense_bulk,dispense_ligands,k,percent_dmso,protein_days_thawed
21,Arachadionic acid,34.99793271510213,0.07497704443560356,-92.72763424155909,4.54,0.07,4.121249999999996,0.07322187140797766,0.0019272482233188644,-0.00012832660955885983,20,"[0.0, 1.4577259475218656, 11.661807580174925, 39.35860058309037, 93.2944606413994, 182.21574344023315, 314.868804664723, 500.0]",True,2,Thermo Polystyrene (262160),3700,Clariostar Injector,Echo,3,5,0
21,Arachadionic acid,0.9738894598826746,0.0034094900365513096,0.2636313953764373,4.54,0.069,4.960187499999998,0.08187754532799174,0.0025035688811888388,0.0012260080669068254,20,"[0.0, 1.4577259475218656, 11.661807580174925, 39.35860058309037, 93.2944606413994, 182.21574344023315, 314.868804664723, 500.0]",True,2,Thermo Polystyrene (262160),3700,Clariostar Injector,Echo,3,5,0
21,Arachadionic acid,0.9037787746617016,0.010550839418238101,0.5022340085828856,4.54,0.07999999999999999,5.100874999999993,0.13274990429785094,0.0037008686239082527,-0.002231098790580555,20,"[0.0, 1.4577259475218656, 11.661807580174925, 39.35860058309037, 93.2944606413994, 182.21574344023315, 314.868804664723, 500.0]",True,2,Thermo Polystyrene (262160),3700,Clariostar Injector,Echo,3,5,0
21,Arachadionic acid,3.7342287066797087e-07,0.0022856675322681865,0.2857142129242224,4.54,0.069,5.354499999999996,0.09825204845163024,0.00203100960115899,-0.0012345766093755225,20,"[0.0, 1.4577259475218656, 11.661807580174925, 39.35860058309037, 93.2944606413994, 182.21574344023315, 314.868804664723, 500.0]",True,2,Thermo Polystyrene (262160),3700,Clariostar Injector,Echo,3,5,0
21,Arachadionic acid,7.352873245974832e-07,0.005000169081172029,0.5775576252351474,4.54,0.08099999999999999,5.415000000000001,0.20445813993778755,0.005391792704790174,-0.001774344758980883,20,"[0.0, 1.4577259475218656, 11.661807580174925, 39.35860058309037, 93.2944606413994, 182.21574344023315, 314.868804664723, 500.0]",True,2,Thermo Polystyrene (262160),3700,Clariostar Injector,Echo,3,5,0
21,Arachadionic acid,0.54872937381717,0.0015360828346079752,0.29233230774056373,4.54,0.07099999999999998,2.624937499999999,0.44952857466756374,0.005012484413940857,-0.004113760081416194,20,"[0.0, 1.4577259475218656, 11.661807580174925, 39.35860058309037, 93.2944606413994, 182.21574344023315, 314.868804664723, 500.0]",True,2,Thermo Polystyrene (262160),3700,Clariostar Injector,Echo,3,5,0
21,Arachadionic acid,1.0351180918556164,0.010717366221471106,0.6122811346073721,4.54,0.08400000000000002,5.504,0.3030377701971018,0.006866065623255954,-0.0035672883063318193,20,"[0.0, 1.4577259475218656, 11.661807580174925, 39.35860058309037, 93.2944606413994, 182.21574344023315, 314.868804664723, 500.0]",True,2,Thermo Polystyrene (262160),3700,Clariostar Injector,Echo,3,5,0
21,Arachadionic acid,2.352490764462434e-13,0.0017142880614105314,0.14285714285499507,4.54,0.07300000000000001,5.996562499999998,0.09689168980144752,0.0020658792662827945,0.0005105846767005841,20,"[0.0, 1.4577259475218656, 11.661807580174925, 39.35860058309037, 93.2944606413994, 182.21574344023315, 314.868804664723, 500.0]",True,2,Thermo Polystyrene (262160),3700,Clariostar Injector,Echo,3,5,0
21,Arachadionic acid,5.334401733138902e-06,0.011142874819568918,0.9572058740979718,4.54,0.12699999999999997,7.963749999999993,0.12074174077410643,0.00555331303946444,-0.0021965725808246184,30,"[0.0, 1.4577259475218656, 11.661807580174925, 39.35860058309037, 93.2944606413994, 182.21574344023315, 314.868804664723, 500.0]",True,2,Thermo Polystyrene (262160),3700,Clariostar Injector,Echo,3,5,0
21,Arachadionic acid,53.632600584647115,0.024999999977502935,-74.46157513404135,4.54,0.10999999999999999,7.045312500000001,0.04550792630535958,0.0023299294900428653,0.00019077620810682754,30,"[0.0, 1.4577259475218656, 11.661807580174925, 39.35860058309037, 93.2944606413994, 182.21574344023315, 314.868804664723, 500.0]",True,2,Thermo Polystyrene (262160),3700,Clariostar Injector,Echo,3,5,0
21,Arachadionic acid,0.33515119198107396,0.009579269284181402,0.7532649159051664,4.54,0.12599999999999997,7.320437500000001,0.08787708357544308,0.004598136268408886,-0.003684425402225863,30,"[0.0, 1.4577259475218656, 11.661807580174925, 39.35860058309037, 93.2944606413994, 182.21574344023315, 314.868804664723, 500.0]",True,2,Thermo Polystyrene (262160),3700,Clariostar Injector,Echo,3,5,0
21,Arachadionic acid,42.78113021350798,0.02496703916847209,-83.14678027094665,4.54,0.11199999999999999,8.154000000000005,0.06116101950325371,0.0028252686345094434,-0.001395312500777313,30,"[0.0, 1.4577259475218656, 11.661807580174925, 39.35860058309037, 93.2944606413994, 182.21574344023315, 314.868804664723, 500.0]",True,2,Thermo Polystyrene (262160),3700,Clariostar Injector,Echo,3,5,0
21,Arachadionic acid,2.8362283881975485e-12,0.072142857113853,0.990676896183199,4.54,0.11499999999999999,6.815437499999993,0.3804365593821038,0.023747180283742557,0.012806502014885684,30,"[0.0, 1.4577259475218656, 11.661807580174925, 39.35860058309037, 93.2944606413994, 182.21574344023315, 314.868804664723, 500.0]",True,2,Thermo Polystyrene (262160),3700,Clariostar Injector,Echo,3,5,0
21,Arachadionic acid,4.673709423390512,0.007239669249392768,-1.7628239070862688,4.54,0.118,8.715874999999988,0.3135478317861995,0.010148011768673847,-0.0016339717706275836,30,"[0.0, 1.4577259475218656, 11.661807580174925, 39.35860058309037, 93.2944606413994, 182.21574344023315, 314.868804664723, 500.0]",True,2,Thermo Polystyrene (262160),3700,Clariostar Injector,Echo,3,5,0
21,Arachadionic acid,6.557753380511538e-08,0.009285697317739119,0.7333795937902283,4.54,0.11800000000000001,7.872375,0.08879632747504408,0.003814914340921882,0.00016527218104076522,30,"[0.0, 1.4577259475218656, 11.661807580174925, 39.35860058309037, 93.2944606413994, 182.21574344023315, 314.868804664723, 500.0]",True,2,Thermo Polystyrene (262160),3700,Clariostar Injector,Echo,3,5,0
21,Arachadionic acid,3.922650287165374e-10,0.0025714285269472855,0.13300492606418612,4.54,0.11299999999999999,8.274375000000004,0.08335093657059627,0.002390457218668787,-0.00018069556223647675,30,"[0.0, 1.4577259475218656, 11.661807580174925, 39.35860058309037, 93.2944606413994, 182.21574344023315, 314.868804664723, 500.0]",True,2,Thermo Polystyrene (262160),3700,Clariostar Injector,Echo,3,5,0
21,Arachadionic acid,0.38471330639117135,0.01685109672223089,0.8201604992757057,4.54,0.14800000000000002,9.510687499999989,0.16887649502663138,0.003023715784073812,0.005768951613287328,40,"[0.0, 1.4577259475218656, 11.661807580174925, 39.35860058309037, 93.2944606413994, 182.21574344023315, 314.868804664723, 500.0]",True,2,Thermo Polystyrene (262160),3700,Clariostar Injector,Echo,3,5,0
21,Arachadionic acid,7.045010191539247e-16,0.002142860645355013,0.4527162977770398,4.54,0.15799999999999997,10.69093749999999,0.09784110964811915,0.004103569874424675,-0.002682409273470009,40,"[0.0, 1.4577259475218656, 11.661807580174925, 39.35860058309037, 93.2944606413994, 182.21574344023315, 314.868804664723, 500.0]",True,2,Thermo Polystyrene (262160),3700,Clariostar Injector,Echo,3,5,0
21,Arachadionic acid,40.37654452129108,0.2199999936575692,-69.26750316237359,4.54,0.15799999999999997,11.928187500000002,0.29382907297548655,0.006984677106761229,0.0026593750004385787,40,"[0.0, 1.4577259475218656, 11.661807580174925, 39.35860058309037, 93.2944606413994, 182.21574344023315, 314.868804664723, 500.0]",True,2,Thermo Polystyrene (262160),3700,Clariostar Injector,Echo,3,5,0
21,Arachadionic acid,1.5754748557360898e-09,0.0019999981834694243,0.08433734899008971,4.54,0.151,11.160062499999984,0.03481095862912847,0.002251983252919207,-0.000657006046945573,40,"[0.0, 1.4577259475218656, 11.661807580174925, 39.35860058309037, 93.2944606413994, 182.21574344023315, 314.868804664723, 500.0]",True,2,Thermo Polystyrene (262160),3700,Clariostar Injector,Echo,3,5,0
21,Arachadionic acid,0.08148044414434946,0.005148267856307776,0.6825199016073185,4.54,0.155,10.302312500000003,0.09112716210696356,0.0028784916685156963,0.00308906249931726,40,"[0.0, 1.4577259475218656, 11.661807580174925, 39.35860058309037, 93.2944606413994, 182.21574344023315, 314.868804664723, 500.0]",True,2,Thermo Polystyrene (262160),3700,Clariostar Injector,Echo,3,5,0
21,Arachadionic acid,0.5885686185092261,0.002394721808555129,0.12169494587154106,4.54,0.15400000000000003,10.633812500000007,0.02976332563244127,0.0014577379737113262,2.3588711594446133e-05,40,"[0.0, 1.4577259475218656, 11.661807580174925, 39.35860058309037, 93.2944606413994, 182.21574344023315, 314.868804664723, 500.0]",True,2,Thermo Polystyrene (262160),3700,Clariostar Injector,Echo,3,5,0
21,Arachadionic acid,0.9344201244504227,0.008746591521250766,0.46535806851767636,4.54,0.15599999999999997,10.245999999999992,0.112050573321194,0.004105745103771405,0.0013214717723126622,40,"[0.0, 1.4577259475218656, 11.661807580174925, 39.35860058309037, 93.2944606413994, 182.21574344023315, 314.868804664723, 500.0]",True,2,Thermo Polystyrene (262160),3700,Clariostar Injector,Echo,3,5,0
21,Arachadionic acid,1.982369407522751,0.003471721754227707,0.027720799959194742,4.54,0.153,10.93474999999999,0.06826893396837977,0.0026958963523950863,0.0008423891100071398,40,"[0.0, 1.4577259475218656, 11.661807580174925, 39.35860058309037, 93.2944606413994, 182.21574344023315, 314.868804664723, 500.0]",True,2,Thermo Polystyrene (262160),3700,Clariostar Injector,Echo,3,5,0
21,Arachadionic acid,15.566873195601897,0.1420251390887612,-19.45137391585378,4.05,0.062000000000000006,4.739187499999997,0.2825473615548404,0.005264435935053794,0.009799092741308264,20,"[0.0, 1.4577259475218656, 11.661807580174925, 39.35860058309037, 93.2944606413994, 182.21574344023315, 314.868804664723, 500.0]",True,2,Thermo Polystyrene (262160),3700,Clariostar Injector,Echo,3,5,0
21,Arachadionic acid,27.818543983913003,0.23499999883159514,-50.072324817335435,4.05,0.05900000000000001,3.384875,0.39254260805084423,0.005625198409199196,0.007775252017169392,20,"[0.0, 1.4577259475218656, 11.661807580174925, 39.35860058309037, 93.2944606413994, 182.21574344023315, 314.868804664723, 500.0]",True,2,Thermo Polystyrene (262160),3700,Clariostar Injector,Echo,3,5,0
21,Arachadionic acid,16.187189009967447,0.1644487631308759,-23.565212017450477,4.05,0.066,4.06275,0.49673437346616617,0.008790213714288017,0.014113659273693282,20,"[0.0, 1.4577259475218656, 11.661807580174925, 39.35860058309037, 93.2944606413994, 182.21574344023315, 314.868804664723, 500.0]",True,2,Thermo Polystyrene (262160),3700,Clariostar Injector,Echo,3,5,0
21,Arachadionic acid,25.774749047914995,0.19498773196629457,-49.962654405377144,4.05,0.065,5.443250000000001,0.1203578412658019,0.0028753881725529077,0.0044600302422987195,20,"[0.0, 1.4577259475218656, 11.661807580174925, 39.35860058309037, 93.2944606413994, 182.21574344023315, 314.868804664723, 500.0]",True,2,Thermo Polystyrene (262160),3700,Clariostar Injector,Echo,3,5,0
21,Arachadionic acid,19.23779087681572,0.17300562032017924,-28.665200695956212,4.05,0.067,5.171000000000001,0.13226156766223326,0.002875388172552907,0.006438508064379419,20,"[0.0, 1.4577259475218656, 11.661807580174925, 39.35860058309037, 93.2944606413994, 182.21574344023315, 314.868804664723, 500.0]",True,2,Thermo Polystyrene (262160),3700,Clariostar Injector,Echo,3,5,0
21,Arachadionic acid,17.159654991052633,0.1461313341042401,-23.201882871172003,4.05,0.068,4.118250000000002,0.2086002968490399,0.004086126352846734,0.003973891129055202,20,"[0.0, 1.4577259475218656, 11.661807580174925, 39.35860058309037, 93.2944606413994, 182.21574344023315, 314.868804664723, 500.0]",True,2,Thermo Polystyrene (262160),3700,Clariostar Injector,Echo,3,5,0
21,Arachadionic acid,16.31485555027727,0.16153382372326994,-23.19804075411213,4.05,0.068,4.4138125000000015,0.22482944024842283,0.004399675312695572,0.00582918346766165,20,"[0.0, 1.4577259475218656, 11.661807580174925, 39.35860058309037, 93.2944606413994, 182.21574344023315, 314.868804664723, 500.0]",True,2,Thermo Polystyrene (262160),3700,Clariostar Injector,Echo,3,5,0
21,Arachadionic acid,11.996851908158627,0.12204504626248161,-14.11630138647799,4.05,0.07100000000000001,4.835374999999995,0.3334502142821277,0.007069805008424408,0.0027794858859599564,20,"[0.0, 1.4577259475218656, 11.661807580174925, 39.35860058309037, 93.2944606413994, 182.21574344023315, 314.868804664723, 500.0]",True,2,Thermo Polystyrene (262160),3700,Clariostar Injector,Echo,3,5,0
21,Arachadionic acid,19.67866975508696,0.28197139954815376,-29.624398614325575,4.05,0.104,7.353937500000001,0.13335948552436433,0.0037392703642746762,0.009763256046867055,30,"[0.0, 1.4577259475218656, 11.661807580174925, 39.35860058309037, 93.2944606413994, 182.21574344023315, 314.868804664723, 500.0]",True,2,Thermo Polystyrene (262160),3700,Clariostar Injector,Echo,3,5,0
21,Arachadionic acid,11.741290806362393,0.18513828447358321,-13.164262428632027,4.05,0.107,7.272812499999999,0.12191271554742804,0.004301162633521316,0.0076561995955717835,30,"[0.0, 1.4577259475218656, 11.661807580174925, 39.35860058309037, 93.2944606413994, 182.21574344023315, 314.868804664723, 500.0]",True,2,Thermo Polystyrene (262160),3700,Clariostar Injector,Echo,3,5,0
21,Arachadionic acid,13.426626528944928,0.21294809066101797,-16.2895331651678,4.05,0.11199999999999999,8.705687500000007,0.11258967415109386,0.005097268175909803,0.008259526208488074,30,"[0.0, 1.4577259475218656, 11.661807580174925, 39.35860058309037, 93.2944606413994, 182.21574344023315, 314.868804664723, 500.0]",True,2,Thermo Polystyrene (262160),3700,Clariostar Injector,Echo,3,5,0
21,Arachadionic acid,12.449356860624105,0.18562628508465373,-14.08955742249086,4.05,0.10999999999999999,7.857499999999998,0.1032300348493533,0.004838461975226661,0.006101108872466684,30,"[0.0, 1.4577259475218656, 11.661807580174925, 39.35860058309037, 93.2944606413994, 182.21574344023315, 314.868804664723, 500.0]",True,2,Thermo Polystyrene (262160),3700,Clariostar Injector,Echo,3,5,0
21,Arachadionic acid,6.797823104435542e-16,0.019285714282989735,0.0972970375788117,4.05,0.105,6.74325000000001,0.3892338221277841,0.02601510550210616,0.026712500001350843,30,"[0.0, 1.4577259475218656, 11.661807580174925, 39.35860058309037, 93.2944606413994, 182.21574344023315, 314.868804664723, 500.0]",True,2,Thermo Polystyrene (262160),3700,Clariostar Injector,Echo,3,5,0
21,Arachadionic acid,19.940400571001916,0.247425763563252,-30.450184495544946,4.05,0.104,7.822125000000004,0.07338036715440438,0.003159452936370924,0.0056183971762447426,30,"[0.0, 1.4577259475218656, 11.661807580174925, 39.35860058309037, 93.2944606413994, 182.21574344023315, 314.868804664723, 500.0]",True,2,Thermo Polystyrene (262160),3700,Clariostar Injector,Echo,3,5,0
21,Arachadionic acid,16.578919144436803,0.23388290927012934,-23.662687265921146,4.05,0.10999999999999999,8.783000000000015,0.07835964316052536,0.003955105199973461,0.006696068547323249,30,"[0.0, 1.4577259475218656, 11.661807580174925, 39.35860058309037, 93.2944606413994, 182.21574344023315, 314.868804664723, 500.0]",True,2,Thermo Polystyrene (262160),3700,Clariostar Injector,Echo,3,5,0
21,Arachadionic acid,18.934408631217345,0.2534983778744756,-29.266761337994282,4.05,0.10999999999999999,8.855750000000011,0.06087562394087901,0.005070925528371102,0.006947479837742165,30,"[0.0, 1.4577259475218656, 11.661807580174925, 39.35860058309037, 93.2944606413994, 182.21574344023315, 314.868804664723, 500.0]",True,2,Thermo Polystyrene (262160),3700,Clariostar Injector,Echo,3,5,0
21,Arachadionic acid,17.397885416235752,0.3146738080676714,-23.96587693155841,4.05,0.14600000000000002,10.873500000000016,0.160567329175612,0.00879935062539114,0.00936350806437897,40,"[0.0, 1.4577259475218656, 11.661807580174925, 39.35860058309037, 93.2944606413994, 182.21574344023315, 314.868804664723, 500.0]",True,2,Thermo Polystyrene (262160),3700,Clariostar Injector,Echo,3,5,0
21,Arachadionic acid,14.549752745655336,0.273393820519274,-17.97636675723197,4.05,0.13899999999999998,10.720562499999994,0.08065987788943828,0.0029730936268953403,0.011266179435652248,40,"[0.0, 1.4577259475218656, 11.661807580174925, 39.35860058309037, 93.2944606413994, 182.21574344023315, 314.868804664723, 500.0]",True,2,Thermo Polystyrene (262160),3700,Clariostar Injector,Echo,3,5,0
21,Arachadionic acid,13.89930243640861,0.27941819632803455,-17.535170829312005,4.05,0.15100000000000002,11.634687500000014,0.08445036368171678,0.004611708700997615,0.008596522177735412,40,"[0.0, 1.4577259475218656, 11.661807580174925, 39.35860058309037, 93.2944606413994, 182.21574344023315, 314.868804664723, 500.0]",True,2,Thermo Polystyrene (262160),3700,Clariostar Injector,Echo,3,5,0
21,Arachadionic acid,13.82341851368182,0.2613656232453452,-16.94257444257184,4.05,0.13399999999999998,11.281625000000004,0.05494143291899052,0.0025877458475338315,0.013364364918979986,40,"[0.0, 1.4577259475218656, 11.661807580174925, 39.35860058309037, 93.2944606413994, 182.21574344023315, 314.868804664723, 500.0]",True,2,Thermo Polystyrene (262160),3700,Clariostar Injector,Echo,3,5,0
21,Arachadionic acid,13.819818293451515,0.2718116509352703,-16.48024389830932,4.05,0.149,11.962312500000017,0.06894077346311336,0.003440826312717005,0.010266078627528557,40,"[0.0, 1.4577259475218656, 11.661807580174925, 39.35860058309037, 93.2944606413994, 182.21574344023315, 314.868804664723, 500.0]",True,2,Thermo Polystyrene (262160),3700,Clariostar Injector,Echo,3,5,0
21,Arachadionic acid,20.120587431253963,0.3418955707767578,-30.60438306785211,4.05,0.14400000000000002,10.093250000000006,0.09782594639232287,0.005230405611149375,0.009363256047369515,40,"[0.0, 1.4577259475218656, 11.661807580174925, 39.35860058309037, 93.2944606413994, 182.21574344023315, 314.868804664723, 500.0]",True,2,Thermo Polystyrene (262160),3700,Clariostar Injector,Echo,3,5,0
21,Arachadionic acid,14.819297549696742,0.28105272887980565,-17.86420051333159,4.05,0.155,10.882062500000018,0.23412859908719869,0.010819955109492305,0.005145060483064783,40,"[0.0, 1.4577259475218656, 11.661807580174925, 39.35860058309037, 93.2944606413994, 182.21574344023315, 314.868804664723, 500.0]",True,2,Thermo Polystyrene (262160),3700,Clariostar Injector,Echo,3,5,0
21,Arachadionic acid,18.44669425853226,0.3311583026932877,-26.646330575643283,4.05,0.133,10.027062500000008,0.12982385010311645,0.0039256482631171,0.013408215725001971,40,"[0.0, 1.4577259475218656, 11.661807580174925, 39.35860058309037, 93.2944606413994, 182.21574344023315, 314.868804664723, 500.0]",True,2,Thermo Polystyrene (262160),3700,Clariostar Injector,Echo,3,5,0
21,Arachadionic acid,1.0627040751995382e-16,0.010857142859642439,0.7474120082815754,8.7,0.142,9.67181249999999,0.17059275437048294,0.008749489781042754,0.004527368951666831,20,"[0.0, 1.4577259475218656, 11.661807580174925, 39.35860058309037, 93.2944606413994, 182.21574344023315, 314.868804664723, 500.0]",True,2,Thermo Polystyrene (262160),3700,Clariostar Injector,Echo,3,5,0
21,Arachadionic acid,3.292190455782164,0.005967584971098791,-0.26421695889514996,8.7,0.14500000000000002,8.511624999999988,0.13657911167456585,0.00719995039665453,0.000694556450968701,20,"[0.0, 1.4577259475218656, 11.661807580174925, 39.35860058309037, 93.2944606413994, 182.21574344023315, 314.868804664723, 500.0]",True,2,Thermo Polystyrene (262160),3700,Clariostar Injector,Echo,3,5,0
21,Arachadionic acid,0.08789722283959842,0.007077058200073223,0.5004609427323998,8.7,0.13599999999999998,9.985187500000002,0.10269460128532489,0.006057757718118853,0.0019401713689052495,20,"[0.0, 1.4577259475218656, 11.661807580174925, 39.35860058309037, 93.2944606413994, 182.21574344023315, 314.868804664723, 500.0]",True,2,Thermo Polystyrene (262160),3700,Clariostar Injector,Echo,3,5,0
21,Arachadionic acid,1.7427492368073987,0.0046303309032135085,0.05657705426970916,8.7,0.136,10.310249999999993,0.04399117531807952,0.0024348657927227616,0.0007072076631629761,20,"[0.0, 1.4577259475218656, 11.661807580174925, 39.35860058309037, 93.2944606413994, 182.21574344023315, 314.868804664723, 500.0]",True,2,Thermo Polystyrene (262160),3700,Clariostar Injector,Echo,3,5,0
21,Arachadionic acid,9.380641930602744e-09,0.0069999970156383795,0.6225045337267221,8.7,0.136,10.243749999999991,0.05449501034057991,0.002356601669474805,0.00045257056269325355,20,"[0.0, 1.4577259475218656, 11.661807580174925, 39.35860058309037, 93.2944606413994, 182.21574344023315, 314.868804664723, 500.0]",True,2,Thermo Polystyrene (262160),3700,Clariostar Injector,Echo,3,5,0
21,Arachadionic acid,0.17118189535170897,0.0025784684475902886,0.16074211938547456,8.7,0.13399999999999998,8.761250000000004,0.08104885706511684,0.0033806170189140654,-0.0020850302445756487,20,"[0.0, 1.4577259475218656, 11.661807580174925, 39.35860058309037, 93.2944606413994, 182.21574344023315, 314.868804664723, 500.0]",True,2,Thermo Polystyrene (262160),3700,Clariostar Injector,Echo,3,5,0
21,Arachadionic acid,1.8051725227801925,0.005208055460872606,0.20750712215581057,8.7,0.13699999999999998,9.431187499999995,0.08882398335816631,0.004274091382136926,-0.00015836693456706253,20,"[0.0, 1.4577259475218656, 11.661807580174925, 39.35860058309037, 93.2944606413994, 182.21574344023315, 314.868804664723, 500.0]",True,2,Thermo Polystyrene (262160),3700,Clariostar Injector,Echo,3,5,0
21,Arachadionic acid,1.479247058156508,0.004176570663354158,0.07802717168642803,8.7,0.14100000000000001,9.866375000000016,0.13134342169976457,0.005946187253790693,-0.002304586699323389,20,"[0.0, 1.4577259475218656, 11.661807580174925, 39.35860058309037, 93.2944606413994, 182.21574344023315, 314.868804664723, 500.0]",True,2,Thermo Polystyrene (262160),3700,Clariostar Injector,Echo,3,5,0
21,Arachadionic acid,2.2596596089500404e-14,0.01000001529092546,0.6653992395312722,8.7,0.218,14.785687500000002,0.07211009298689328,0.0064128776691903255,0.004094808469298534,30,"[0.0, 1.4577259475218656, 11.661807580174925, 39.35860058309037, 93.2944606413994, 182.21574344023315, 314.868804664723, 500.0]",True,2,Thermo Polystyrene (262160),3700,Clariostar Injector,Echo,3,5,0
21,Arachadionic acid,0.7008205227200767,0.002281591349817254,0.3416647542191583,8.7,0.215,14.611875000000001,0.04856858445834125,0.003070597894314948,-0.0019980342723238437,30,"[0.0, 1.4577259475218656, 11.661807580174925, 39.35860058309037, 93.2944606413994, 182.21574344023315, 314.868804664723, 500.0]",True,2,Thermo Polystyrene (262160),3700,Clariostar Injector,Echo,3,5,0
21,Arachadionic acid,2.36664804408529,0.010791257734253615,-0.21864368990872274,8.7,0.22,16.10625000000003,0.048289720630905676,0.004309458036856672,-0.0015514616946594169,30,"[0.0, 1.4577259475218656, 11.661807580174925, 39.35860058309037, 93.2944606413994, 182.21574344023315, 314.868804664723, 500.0]",True,2,Thermo Polystyrene (262160),3700,Clariostar Injector,Echo,3,5,0
21,Arachadionic acid,0.1876628708842619,0.005637833820982869,0.5046753248246627,8.7,0.218,15.677375000000026,0.04657273598133451,0.0041035698744246755,-0.0006149697606395867,30,"[0.0, 1.4577259475218656, 11.661807580174925, 39.35860058309037, 93.2944606413994, 182.21574344023315, 314.868804664723, 500.0]",True,2,Thermo Polystyrene (262160),3700,Clariostar Injector,Echo,3,5,0
21,Arachadionic acid,5.072037782644609e-15,0.1205714285674942,0.9467315952877126,8.7,0.211,13.117812500000014,0.3745790699180865,0.04712218161333365,0.0316469758044597,30,"[0.0, 1.4577259475218656, 11.661807580174925, 39.35860058309037, 93.2944606413994, 182.21574344023315, 314.868804664723, 500.0]",True,2,Thermo Polystyrene (262160),3700,Clariostar Injector,Echo,3,5,0
21,Arachadionic acid,44.61915928054719,0.11499999865975655,-62.10477894714522,8.7,0.21,12.794187500000012,0.22853533157734532,0.006988510979764265,-0.0065313508083311295,30,"[0.0, 1.4577259475218656, 11.661807580174925, 39.35860058309037, 93.2944606413994, 182.21574344023315, 314.868804664723, 500.0]",True,2,Thermo Polystyrene (262160),3700,Clariostar Injector,Echo,3,5,0
21,Arachadionic acid,7.021290242227669,0.01961644953380995,-4.30970996499911,8.7,0.223,16.074312500000016,0.057469454212079996,0.00597464882410913,0.0005045362886221467,30,"[0.0, 1.4577259475218656, 11.661807580174925, 39.35860058309037, 93.2944606413994, 182.21574344023315, 314.868804664723, 500.0]",True,2,Thermo Polystyrene (262160),3700,Clariostar Injector,Echo,3,5,0
21,Arachadionic acid,1.7028142197082356e-09,0.002285713705766082,0.15238095224116321,8.7,0.22,16.02618750000002,0.02287918698731377,0.003770183777256188,-0.0029326108894744437,30,"[0.0, 1.4577259475218656, 11.661807580174925, 39.35860058309037, 93.2944606413994, 182.21574344023315, 314.868804664723, 500.0]",True,2,Thermo Polystyrene (262160),3700,Clariostar Injector,Echo,3,5,0
21,Arachadionic acid,6.670219197218857e-10,0.008142855430284958,0.31046344942682236,8.7,0.305,21.421499999999984,0.06883163737188296,0.007623975340988445,0.003974899191435271,40,"[0.0, 1.4577259475218656, 11.661807580174925, 39.35860058309037, 93.2944606413994, 182.21574344023315, 314.868804664723, 500.0]",True,2,Thermo Polystyrene (262160),3700,Clariostar Injector,Echo,3,5,0
21,Arachadionic acid,1.5502166607686552e-14,0.006000023808867582,0.588785046654809,8.7,0.29700000000000004,20.898937499999988,0.021787540353182585,0.003420004177106899,-0.000560635082408884,40,"[0.0, 1.4577259475218656, 11.661807580174925, 39.35860058309037, 93.2944606413994, 182.21574344023315, 314.868804664723, 500.0]",True,2,Thermo Polystyrene (262160),3700,Clariostar Injector,Echo,3,5,0
21,Arachadionic acid,34.960356069924046,0.16999999812302022,-60.41779909235183,8.7,0.302,21.178312499999983,0.04391703398219709,0.006233549779791836,-0.0008122983887061577,40,"[0.0, 1.4577259475218656, 11.661807580174925, 39.35860058309037, 93.2944606413994, 182.21574344023315, 314.868804664723, 500.0]",True,2,Thermo Polystyrene (262160),3700,Clariostar Injector,Echo,3,5,0
21,Arachadionic acid,10.444407213606128,0.015421126032436361,-10.04730727142309,8.7,0.29100000000000004,21.65162499999998,0.025351633623975973,0.002263846284534349,-0.0009744455636050472,40,"[0.0, 1.4577259475218656, 11.661807580174925, 39.35860058309037, 93.2944606413994, 182.21574344023315, 314.868804664723, 500.0]",True,2,Thermo Polystyrene (262160),3700,Clariostar Injector,Echo,3,5,0
21,Arachadionic acid,2.2097967986728815,0.007762850283996724,0.11947011846852418,8.7,0.304,21.496812499999987,0.037164609246382874,0.0035431019500674114,-0.0021217237913147232,40,"[0.0, 1.4577259475218656, 11.661807580174925, 39.35860058309037, 93.2944606413994, 182.21574344023315, 314.868804664723, 500.0]",True,2,Thermo Polystyrene (262160),3700,Clariostar Injector,Echo,3,5,0
21,Arachadionic acid,2.1908387624493112e-07,0.002857101718236564,0.3968253313478577,8.7,0.30499999999999994,20.74937499999998,0.026502278567452693,0.0027998724460742384,-0.0012033770157154232,40,"[0.0, 1.4577259475218656, 11.661807580174925, 39.35860058309037, 93.2944606413994, 182.21574344023315, 314.868804664723, 500.0]",True,2,Thermo Polystyrene (262160),3700,Clariostar Injector,Echo,3,5,0
21,Arachadionic acid,2.7933441316187126,0.007165048538444603,-0.17002527045329296,8.7,0.307,21.193124999999988,0.08828179935359454,0.008635475005547085,-0.003488104838030885,40,"[0.0, 1.4577259475218656, 11.661807580174925, 39.35860058309037, 93.2944606413994, 182.21574344023315, 314.868804664723, 500.0]",True,2,Thermo Polystyrene (262160),3700,Clariostar Injector,Echo,3,5,0
21,Arachadionic acid,33.64291000375302,0.17495828655116638,-52.82710459998555,8.7,0.28900000000000003,20.099562499999998,0.06807063520662691,0.004421942042651787,0.006087701612038463,40,"[0.0, 1.4577259475218656, 11.661807580174925, 39.35860058309037, 93.2944606413994, 182.21574344023315, 314.868804664723, 500.0]",True,2,Thermo Polystyrene (262160),3700,Clariostar Injector,Echo,3,5,0
