baseline,,sample_5_in_1000,,target5um,,target10um,,target20um,,
Wavelength (nm),Abs,Wavelength (nm),Abs,Wavelength (nm),Abs,Wavelength (nm),Abs,Wavelength (nm),Abs,
800.0101318,0.001244878396,800.0101318,0.001026685233,800.0101318,0.001677826047,800.0101318,0.001804137137,800.0101318,0.005920480937,
799.0389404,-0.001152672572,799.0389404,-0.001265479717,799.0389404,0.00203806581,799.0389404,0.0007440302288,799.0389404,0.003462867346,
798.0673218,-0.001223922591,798.0673218,-0.0007755754632,798.0673218,-0.000112020025,798.0673218,-0.001962427283,798.0673218,0.002876531566,
796.9564209,-0.0009552281699,796.9564209,-0.000906046771,796.9564209,0.00286853197,796.9564209,-9.483583563E-5,796.9564209,0.003475574777,
795.9840088,-0.001423825044,795.9840088,-0.002164720325,795.9840088,-0.0006110999966,795.9840088,0.0011090755,795.9840088,0.004982162733,
795.0111694,-0.001604808727,795.0111694,-5.140649228E-5,795.0111694,0.002263455186,795.0111694,0.001628273167,795.0111694,0.005237014033,
794.0380249,-0.0002756498288,794.0380249,0.002252266277,794.0380249,0.003745444119,794.0380249,0.003324412741,794.0380249,0.004784356337,
793.0644531,-0.0005032938789,793.0644531,0.001344343647,793.0644531,0.002390092937,793.0644531,0.002966727596,793.0644531,0.00483413972,
791.951355,-0.001138524385,791.951355,-0.001551986672,791.951355,0.001758286613,791.951355,0.0006124276551,791.951355,0.004636898171,
790.9769897,-0.0005356643815,790.9769897,-0.0006251619197,790.9769897,0.001195738441,790.9769897,0.001259001088,790.9769897,0.006019657943,
790.0022583,0.0001590466272,790.0022583,-0.0002554193779,790.0022583,0.001512949122,790.0022583,0.001669562538,790.0022583,0.005195017438,
789.0271606,8.662309119E-5,789.0271606,0.001270865439,789.0271606,0.003217217047,789.0271606,0.003813309828,789.0271606,0.007037879433,
788.0516968,0.0006784054567,788.0516968,-0.001278229989,788.0516968,0.002356959507,788.0516968,0.001954926876,788.0516968,0.006395786535,
786.9364014,0.0003940596071,786.9364014,0.001644512988,786.9364014,0.002378562232,786.9364014,0.001666808035,786.9364014,0.006308132317,
785.960144,-0.00126702839,785.960144,-0.0006004497991,785.960144,0.001312769833,785.960144,0.001848952612,785.960144,0.006881291047,
784.9835205,0.001330581727,784.9835205,0.002132561989,784.9835205,0.003378463909,784.9835205,0.004139207304,784.9835205,0.007669778541,
784.0064697,0.0001274035312,784.0064697,0.00191722461,784.0064697,0.002464984311,784.0064697,0.001167913084,784.0064697,0.006767272018,
783.0291138,-0.001589540509,783.0291138,-0.0008542763535,783.0291138,0.00228193053,783.0291138,0.001164928195,783.0291138,0.00605803309,
782.0513306,-0.003987183794,782.0513306,-0.001186904963,782.0513306,0.0001329447987,782.0513306,0.0009520933381,782.0513306,0.005712096579,
780.9334717,7.313401875E-5,780.9334717,0.001586753991,780.9334717,0.005069785286,780.9334717,0.00387170515,780.9334717,0.007617587689,
779.9549561,-9.623336518E-5,779.9549561,0.0006437432021,779.9549561,0.002691793721,779.9549561,0.002221719129,779.9549561,0.006883684546,
778.9760132,0.0002289699623,778.9760132,0.0009704612312,778.9760132,0.004531889223,778.9760132,0.004117856734,778.9760132,0.007366891485,
777.9967651,0.0001748172363,777.9967651,0.002282529138,777.9967651,0.003213878954,777.9967651,0.003501382424,777.9967651,0.008320461027,
777.0170898,-0.001279881806,777.0170898,0.0008770992281,777.0170898,0.002543690149,777.0170898,0.00243939436,777.0170898,0.007752174046,
776.0371094,-0.000365925167,776.0371094,0.001891094842,776.0371094,0.003580694087,776.0371094,0.004827910103,776.0371094,0.009415304288,
775.0567017,-0.0001910999417,775.0567017,0.0007123444811,775.0567017,0.005193497986,775.0567017,0.003302814905,775.0567017,0.009125816636,
773.9358521,0.0009041018202,773.9358521,0.001290570945,773.9358521,0.004666150548,773.9358521,0.00424328493,773.9358521,0.007251981646,
772.9547119,0.0009084079065,772.9547119,0.002003008733,772.9547119,0.003933974542,772.9547119,0.004318731837,772.9547119,0.008444945328,
771.9731445,-0.0001737636194,771.9731445,0.0003140844638,771.9731445,0.003661273047,771.9731445,0.003916003276,771.9731445,0.00915450044,
770.991272,-0.0004298049607,770.991272,0.001044381643,770.991272,0.003926582169,770.991272,0.003207203001,770.991272,0.009308552369,
770.0090332,0.000578574196,770.0090332,-0.0004111850867,770.0090332,0.002711720066,770.0090332,0.003819969017,770.0090332,0.01063370518,
769.0264282,5.832500392E-5,769.0264282,-0.0003628731647,769.0264282,0.002126449021,769.0264282,0.002915021032,769.0264282,0.009586174041,
768.043396,1.755104131E-5,768.043396,0.001033301814,768.043396,0.003085645149,768.043396,0.004099015146,768.043396,0.01108952891,
767.0600586,6.497863797E-5,767.0600586,0.0005622964818,767.0600586,0.002555485582,767.0600586,0.003696881933,767.0600586,0.01017642394,
765.935791,0.0003137218009,765.935791,0.001471051364,765.935791,0.004227313679,765.935791,0.00527814962,765.935791,0.01083549391,
764.9517212,0.0005233411794,764.9517212,0.001180579653,764.9517212,0.004216126166,764.9517212,0.004449736327,764.9517212,0.01070339885,
763.9672241,-0.001119263587,763.9672241,-0.0002326007816,763.9672241,0.002586733084,763.9672241,0.003877268173,763.9672241,0.009769500233,
762.9823608,-0.001318801194,762.9823608,-5.471949044E-5,762.9823608,0.002136152005,762.9823608,0.002618035069,762.9823608,0.009762404487,
761.9971924,-0.0009147262317,761.9971924,-0.0007036832394,761.9971924,0.002781716874,761.9971924,0.004522734322,761.9971924,0.01097750571,
761.0116577,0.0004457779869,761.0116577,0.002064022236,761.0116577,0.006297285203,761.0116577,0.00568594737,761.0116577,0.01214910951,
760.0256958,-0.0008096826496,760.0256958,0.0008156038821,760.0256958,0.002892844146,760.0256958,0.004280509893,760.0256958,0.01155266445,
759.0394287,-0.001360813738,759.0394287,-0.000541093701,759.0394287,0.002880596556,759.0394287,0.003665841417,759.0394287,0.01235037856,
758.0527954,0.0005055623478,758.0527954,0.002128920285,758.0527954,0.004765774123,758.0527954,0.003447890049,758.0527954,0.01349087432,
757.0657959,-0.0001037903276,757.0657959,0.002733001951,757.0657959,0.00495875394,757.0657959,0.004859269131,757.0657959,0.01377695519,
755.9373779,-8.815866022E-5,755.9373779,0.002191980835,755.9373779,0.004702443723,755.9373779,0.004902489949,755.9373779,0.01319932565,
754.949646,-8.738223551E-5,754.949646,0.002046206268,754.949646,0.005540463608,754.949646,0.005792206153,754.949646,0.01315641869,
753.9615479,0.0004933301243,753.9615479,0.002262336202,753.9615479,0.004476098809,753.9615479,0.006429807749,753.9615479,0.01361765061,
752.9730835,-0.0003294034104,752.9730835,0.0009175129817,752.9730835,0.005835414864,752.9730835,0.005018220283,752.9730835,0.01300753094,
751.9842529,5.87392351E-5,751.9842529,0.0005033335765,751.9842529,0.004520746414,751.9842529,0.006357171573,751.9842529,0.01343069132,
750.9950562,-0.0002683028288,750.9950562,0.002216567518,750.9950562,0.004451305605,750.9950562,0.005551973358,750.9950562,0.01455887966,
750.0055542,0.000397686963,750.0055542,0.00287788664,750.0055542,0.005460740998,750.0055542,0.007289596833,750.0055542,0.01675014943,
749.015625,-3.50999544E-5,749.015625,0.001367636025,749.015625,0.004715187475,749.015625,0.006310916506,749.015625,0.01495544799,
748.0253906,0.0009666734259,748.0253906,0.002256975975,748.0253906,0.004953910131,748.0253906,0.006823672913,748.0253906,0.01579949446,
747.03479,-0.0007153129554,747.03479,0.002307953779,747.03479,0.004687920678,747.03479,0.006386907306,747.03479,0.01649649441,
746.0438843,0.0001567937288,746.0438843,0.002705598716,746.0438843,0.006189117208,746.0438843,0.00738903461,746.0438843,0.01631113887,
745.0525513,-0.001067466917,745.0525513,0.002525411779,745.0525513,0.004591558594,745.0525513,0.006568519864,745.0525513,0.01580333337,
744.0609131,-0.0008046700968,744.0609131,0.002488701371,744.0609131,0.005530762952,744.0609131,0.007076107897,744.0609131,0.01522174384,
743.0689087,-2.112243601E-5,743.0689087,0.003304275684,743.0689087,0.005630716216,743.0689087,0.006688690744,743.0689087,0.01623199508,
741.9347534,-0.001229859539,741.9347534,0.003007075749,741.9347534,0.004626799375,741.9347534,0.006015300751,741.9347534,0.01659964956,
740.9420166,-0.0003462679451,740.9420166,0.004602546338,740.9420166,0.005258839112,740.9420166,0.008117621765,740.9420166,0.01760885492,
739.9489136,0.0006431210204,739.9489136,0.004840997979,739.9489136,0.007089737337,739.9489136,0.00804037787,739.9489136,0.01745673642,
738.9554443,-0.0004599570821,738.9554443,0.002847842639,738.9554443,0.005543295294,738.9554443,0.008381682448,738.9554443,0.01794427633,
737.9616699,-0.0005790970172,737.9616699,0.004309476819,737.9616699,0.005667614751,737.9616699,0.00873712264,737.9616699,0.01884392463,
736.9675293,0.001090649865,736.9675293,0.004409384914,736.9675293,0.00663711736,736.9675293,0.00876681041,736.9675293,0.02031953074,
735.9730225,-0.000336387282,735.9730225,0.00378557737,735.9730225,0.006821884774,735.9730225,0.008695789613,735.9730225,0.01923966408,
734.9782104,-0.0002772537409,734.9782104,0.003280774923,734.9782104,0.005644798744,734.9782104,0.00873807352,734.9782104,0.01820512302,
733.9830322,-0.0001139868473,733.9830322,0.003201883286,733.9830322,0.006190088578,733.9830322,0.008810871281,733.9830322,0.01949863695,
732.9874878,-0.0005724272924,732.9874878,0.003512681928,732.9874878,0.00575729087,732.9874878,0.008626205847,732.9874878,0.01969047636,
731.9915771,-0.001015199232,731.9915771,0.004150602035,731.9915771,0.005619204137,731.9915771,0.008173486218,731.9915771,0.02016122639,
730.9953613,-0.0007408454549,730.9953613,0.003311161883,730.9953613,0.005705591757,730.9953613,0.007977596484,730.9953613,0.0201730486,
729.9987793,-0.00062878069,729.9987793,0.003844804596,729.9987793,0.005747506395,729.9987793,0.00894125551,729.9987793,0.02033776045,
729.0018921,-0.001033586566,729.0018921,0.002755508991,729.0018921,0.00609415397,729.0018921,0.009485226125,729.0018921,0.02117997594,
728.0046387,0.0006092392141,728.0046387,0.004429024179,728.0046387,0.006877030712,728.0046387,0.01021638699,728.0046387,0.02148753963,
727.007019,0.0004430571862,727.007019,0.003999204841,727.007019,0.008089902811,727.007019,0.009418611415,727.007019,0.02201503143,
726.0090942,-0.0004049782874,726.0090942,0.005349636078,726.0090942,0.00735912472,726.0090942,0.009842444211,726.0090942,0.02235275693,
725.0108032,-0.001164083602,725.0108032,0.003830441041,725.0108032,0.006905224174,725.0108032,0.009177157655,725.0108032,0.02169324085,
724.012146,0.0001456070895,724.012146,0.003799129976,724.012146,0.007623383775,724.012146,0.01031400543,724.012146,0.02189615183,
723.0131836,-0.0002696998126,723.0131836,0.003481941763,723.0131836,0.007450466976,723.0131836,0.01040363871,723.0131836,0.02270130068,
722.013855,0.000354471762,722.013855,0.004758708179,722.013855,0.007389008068,722.013855,0.01020236779,722.013855,0.0230946485,
721.0142212,-0.0006212329026,721.0142212,0.003980290145,721.0142212,0.007167549338,721.0142212,0.009586464614,721.0142212,0.02331482247,
720.0142212,0.000418311567,720.0142212,0.004306888673,720.0142212,0.008000166155,720.0142212,0.01036821771,720.0142212,0.02338630892,
719.013916,0.0006627721014,719.013916,0.00514165638,719.013916,0.00818010699,719.013916,0.01108065993,719.013916,0.02422414348,
718.0131836,-0.0003938575683,718.0131836,0.004407083616,718.0131836,0.007708299905,718.0131836,0.01065665204,718.0131836,0.02337800339,
717.012207,-0.0003380427079,717.012207,0.004123579711,717.012207,0.00721650105,717.012207,0.01128231175,717.012207,0.02382605337,
716.0108643,0.0001825085346,716.0108643,0.005190066062,716.0108643,0.008122131228,716.0108643,0.01093144715,716.0108643,0.02429449186,
715.0091553,6.76194104E-5,715.0091553,0.005759205669,715.0091553,0.007608525455,715.0091553,0.01026581693,715.0091553,0.02456545644,
714.0071411,0.0005119896377,714.0071411,0.005293007009,714.0071411,0.007471719291,714.0071411,0.0113050798,714.0071411,0.02479903772,
713.0047607,0.000824343937,713.0047607,0.005746614654,713.0047607,0.009152068757,713.0047607,0.01203138381,713.0047607,0.02557398006,
712.0020752,-0.0004355976416,712.0020752,0.004529875237,712.0020752,0.008001483977,712.0020752,0.01169355493,712.0020752,0.02453003824,
710.9990234,-0.0002876014041,710.9990234,0.005543085281,710.9990234,0.008812297136,710.9990234,0.01199159864,710.9990234,0.02507075481,
709.9956665,-0.0001944636169,709.9956665,0.005139403511,709.9956665,0.00874898117,709.9956665,0.01258941926,709.9956665,0.02449760959,
708.9919434,4.988512592E-5,708.9919434,0.004485226702,708.9919434,0.007865582593,708.9919434,0.01186508313,708.9919434,0.02502767369,
707.987915,9.193080041E-5,707.987915,0.005310720764,707.987915,0.007913874462,707.987915,0.01227264479,707.987915,0.02524663508,
706.9835815,0.0001437426836,706.9835815,0.005622875411,706.9835815,0.007979547605,706.9835815,0.01210021041,706.9835815,0.02583107352,
705.9788208,-0.0001498539059,705.9788208,0.005500089377,705.9788208,0.009577810764,705.9788208,0.01259418949,705.9788208,0.02581829764,
704.9738159,0.000663394283,704.9738159,0.005337659735,704.9738159,0.009615179151,704.9738159,0.0127596762,704.9738159,0.02579404227,
703.9684448,-2.764533383E-5,703.9684448,0.004944982007,703.9684448,0.00842353981,703.9684448,0.01197643112,703.9684448,0.02588673495,
702.9627075,-0.0004147022264,702.9627075,0.00559017621,702.9627075,0.008722490631,702.9627075,0.01287338696,702.9627075,0.0266072005,
701.956665,0.0008751279092,701.956665,0.005710496567,701.956665,0.009320744313,701.956665,0.01336498931,701.956665,0.02691114321,
700.9503174,-0.000884295674,700.9503174,0.004875734914,700.9503174,0.008215376176,700.9503174,0.01208392065,700.9503174,0.02680972219,
699.9436035,-0.0002004146954,699.9436035,0.005051243119,699.9436035,0.008797689341,699.9436035,0.01228926145,699.9436035,0.02612042613,
698.9365845,0.0004327700881,698.9365845,0.005686969962,698.9365845,0.009091002867,698.9365845,0.0131934816,698.9365845,0.02699043974,
697.9292603,-0.0001509924914,697.9292603,0.005073425826,697.9292603,0.008544938639,697.9292603,0.0124965366,697.9292603,0.02655009739,
697.0655518,0.0001695602987,697.0655518,0.005515714176,697.0655518,0.008842096664,697.0655518,0.01265974808,697.0655518,0.02694160491,
696.0575562,3.160791675E-5,696.0575562,0.005324242637,696.0575562,0.008908094838,696.0575562,0.01326457504,696.0575562,0.02697936632,
695.0492554,0.000888901297,695.0492554,0.00647581229,695.0492554,0.009192915633,695.0492554,0.01392177679,695.0492554,0.02762360126,
694.0406494,0.0006311700563,694.0406494,0.006683406886,694.0406494,0.009679071605,694.0406494,0.01443522703,694.0406494,0.02746798843,
693.0316772,-0.0003160561901,693.0316772,0.00548407156,693.0316772,0.009266160429,693.0316772,0.01322350278,693.0316772,0.02757061087,
692.0223999,0.0003904582118,692.0223999,0.00583431311,692.0223999,0.00929651875,692.0223999,0.01318702381,692.0223999,0.02847985737,
691.0128174,0.0002915997757,691.0128174,0.005475787912,691.0128174,0.00870777946,691.0128174,0.01314153057,691.0128174,0.02784638666,
690.0028687,-0.0005513316719,690.0028687,0.004896023776,690.0028687,0.007712305058,690.0028687,0.01308582351,690.0028687,0.02806025743,
688.9926147,-0.0001009435437,688.9926147,0.006128046196,688.9926147,0.009426097386,688.9926147,0.01368542109,688.9926147,0.02830805071,
687.9819946,0.0002115398675,687.9819946,0.006129096728,687.9819946,0.009867944755,687.9819946,0.01423421968,687.9819946,0.02914262563,
686.9711304,0.0004638394166,686.9711304,0.006608468015,686.9711304,0.009065653197,686.9711304,0.01361607481,686.9711304,0.02811523899,
685.9598389,-0.0001375362481,685.9598389,0.005714457016,685.9598389,0.009355127811,685.9598389,0.01378328726,685.9598389,0.02868624218,
684.9483032,-0.0006306418218,684.9483032,0.006387669127,684.9483032,0.009201667272,684.9483032,0.01402651425,684.9483032,0.02848676778,
683.9364624,-0.001251231995,683.9364624,0.004994678777,683.9364624,0.008203742094,683.9364624,0.01239661593,683.9364624,0.02857108042,
683.0688477,-0.000554899394,683.0688477,0.00680550281,683.0688477,0.009521342814,683.0688477,0.01391677838,683.0688477,0.02982850559,
682.0563965,-0.0007120049559,682.0563965,0.005557060242,682.0563965,0.009052623063,682.0563965,0.01358840428,682.0563965,0.02933412232,
681.0435791,-0.0006101693725,681.0435791,0.006261698902,681.0435791,0.009659140371,681.0435791,0.01424457133,681.0435791,0.02991901338,
680.0304565,-0.000616321573,680.0304565,0.005282945,680.0304565,0.008816603571,680.0304565,0.01337131672,680.0304565,0.02952273563,
679.0170288,-0.000459750212,679.0170288,0.006509025116,679.0170288,0.00880714599,679.0170288,0.01387545746,679.0170288,0.02993410081,
678.0032349,-7.242290303E-5,678.0032349,0.006204267964,678.0032349,0.01015355531,678.0032349,0.01512588467,678.0032349,0.03124822304,
676.9891357,-0.0003013116657,676.9891357,0.006080109626,676.9891357,0.009639872238,676.9891357,0.01470645238,676.9891357,0.03165465593,
675.9747314,-0.0001728838542,675.9747314,0.007037195843,675.9747314,0.01074139401,675.9747314,0.01518177334,675.9747314,0.03084848076,
674.960022,0.0007710764185,674.960022,0.00697761029,674.960022,0.01015999448,674.960022,0.01491676085,674.960022,0.03232594579,
673.9450073,-0.0007186725852,673.9450073,0.006249750033,673.9450073,0.01029762439,673.9450073,0.01395796891,673.9450073,0.03185832128,
672.9296265,-0.0006169936387,672.9296265,0.006289668847,672.9296265,0.01010050904,672.9296265,0.01497945562,672.9296265,0.03192351013,
672.059082,-0.0008493159548,672.059082,0.006416487973,672.059082,0.01021487638,672.059082,0.01498663612,672.059082,0.03237466514,
671.0431519,-0.0005263051135,671.0431519,0.006674600765,671.0431519,0.009507345036,671.0431519,0.01501268148,671.0431519,0.031665124,
670.0268555,-0.0009414352244,670.0268555,0.005916072056,670.0268555,0.009652152658,670.0268555,0.01566212252,670.0268555,0.03175400943,
669.0103149,0.0006372621283,669.0103149,0.007432428654,669.0103149,0.0106173642,669.0103149,0.01600863971,669.0103149,0.03219648823,
667.9934082,0.0008458187804,667.9934082,0.007856356911,667.9934082,0.01108777616,667.9934082,0.01677953079,667.9934082,0.03463763744,
666.9761963,-0.0004847806122,666.9761963,0.008037028834,666.9761963,0.01067994535,666.9761963,0.01659709401,666.9761963,0.03373774886,
665.9586792,-0.0001636720117,665.9586792,0.008116540499,665.9586792,0.01061346475,665.9586792,0.01566692628,665.9586792,0.03417256102,
664.9407959,0.0001639926777,664.9407959,0.008033996448,664.9407959,0.01090771519,664.9407959,0.01602395065,664.9407959,0.03381637111,
664.0681152,-2.195074558E-5,664.0681152,0.007060584612,664.0681152,0.01060229726,664.0681152,0.0164132826,664.0681152,0.03411820531,
663.0497437,-0.0004876765888,663.0497437,0.006939705927,663.0497437,0.01196206175,663.0497437,0.01605056785,663.0497437,0.03416346014,
662.0310059,4.884956797E-5,662.0310059,0.007770568132,662.0310059,0.01162215974,662.0310059,0.01654693857,662.0310059,0.03485364839,
661.0119629,-0.000222355302,661.0119629,0.007727799006,661.0119629,0.01135907136,661.0119629,0.01668975502,661.0119629,0.03463603929,
659.9925537,0.0004115229531,659.9925537,0.007139286026,659.9925537,0.01210830174,659.9925537,0.0167542398,659.9925537,0.03506892174,
658.9729004,-0.0002191988315,658.9729004,0.008271886036,658.9729004,0.01167629659,658.9729004,0.01689281687,658.9729004,0.03529494256,
657.9529419,-0.0001211294366,657.9529419,0.007496870123,657.9529419,0.01089701802,657.9529419,0.01738425158,657.9529419,0.03501097485,
656.9326172,-0.0001409521064,656.9326172,0.008070413955,656.9326172,0.01188926585,656.9326172,0.01790551096,656.9326172,0.03535424545,
656.0578613,-0.00087044877,656.0578613,0.008277505636,656.0578613,0.01168507151,656.0578613,0.01766608842,656.0578613,0.03583920002,
655.0369873,0.0005024524289,655.0369873,0.008064612746,655.0369873,0.01135763619,655.0369873,0.01760446094,655.0369873,0.03569798544,
654.0158081,-0.0002543845621,654.0158081,0.007914665155,654.0158081,0.01196054462,654.0158081,0.01776067726,654.0158081,0.03730079532,
652.9943237,-0.0001834409923,652.9943237,0.00768192485,652.9943237,0.01151310932,652.9943237,0.01745705865,652.9943237,0.03586393967,
651.9725342,0.0001546185231,651.9725342,0.007098604925,651.9725342,0.0118277343,651.9725342,0.01739917882,651.9725342,0.03769141808,
650.9504395,-0.0002476580848,650.9504395,0.009202064015,650.9504395,0.01236915495,650.9504395,0.01778626814,650.9504395,0.03726762533,
649.9280396,3.727739386E-5,649.9280396,0.007463897578,649.9280396,0.01210795622,649.9280396,0.01819095202,649.9280396,0.03729193658,
649.0514526,-0.0004078230995,649.0514526,0.007937653922,649.0514526,0.01167589799,649.0514526,0.01763389818,649.0514526,0.0370487757,
648.0284424,-0.0006242313539,648.0284424,0.007311446592,648.0284424,0.0114986496,648.0284424,0.01810547337,648.0284424,0.03738491982,
647.005188,-0.0002530910133,647.005188,0.007675706409,647.005188,0.01062534843,647.005188,0.01770108566,647.005188,0.03760164976,
645.9815674,0.001149640651,645.9815674,0.009561113082,645.9815674,0.01293794718,645.9815674,0.01896188967,645.9815674,0.03867469728,
644.9577026,0.0001083462921,644.9577026,0.007855012082,644.9577026,0.01221249718,644.9577026,0.01793847606,644.9577026,0.03802144527,
643.9334717,-0.000270527642,643.9334717,0.007885193452,643.9334717,0.01112102531,643.9334717,0.01862865314,643.9334717,0.03792143613,
643.0553589,-0.0006173038273,643.0553589,0.007334297523,643.0553589,0.01181015186,643.0553589,0.0185633488,643.0553589,0.03854873776,
642.0306396,2.076104283E-5,642.0306396,0.008258245885,642.0306396,0.01255272795,642.0306396,0.01839493401,642.0306396,0.03849392012,
641.0055542,-0.000365925167,641.0055542,0.008236849681,641.0055542,0.01247349288,641.0055542,0.01764419675,641.0055542,0.03948715329,
639.9801636,-0.0006305901334,639.9801636,0.008136400953,639.9801636,0.01215704251,639.9801636,0.01868918352,639.9801636,0.03859609738,
638.9545288,-0.0002906539012,638.9545288,0.007566562388,638.9545288,0.01249525789,638.9545288,0.01845218986,638.9545288,0.03874338046,
637.9285278,-0.0007828622474,637.9285278,0.00842103269,637.9285278,0.01229637116,637.9285278,0.01871312596,637.9285278,0.03996908665,
637.0488892,-3.023375939E-5,637.0488892,0.008923657238,637.0488892,0.01284781564,637.0488892,0.01890199631,637.0488892,0.03960105032,
636.0223999,-0.0005183935282,636.0223999,0.00808639545,636.0223999,0.01245537773,636.0223999,0.01878842711,636.0223999,0.04021127522,
634.9955444,3.305764039E-5,634.9955444,0.008472898044,634.9955444,0.01233051158,634.9955444,0.01881199889,634.9955444,0.0405366309,
633.9684448,-0.0001407968375,633.9684448,0.009162326343,633.9684448,0.01302361488,633.9684448,0.0198812075,633.9684448,0.04076696932,
632.940979,-0.0004675077216,632.940979,0.008588817902,632.940979,0.01295576151,632.940979,0.01924772747,632.940979,0.04080370441,
632.0601196,0.0006253891042,632.0601196,0.008951614611,632.0601196,0.0131757101,632.0601196,0.02012199163,632.0601196,0.04180232808,
631.0321045,-0.0008452855982,631.0321045,0.00868226774,631.0321045,0.01214642078,631.0321045,0.01852050237,631.0321045,0.04046698287,
630.0038452,0.001913220505,630.0038452,0.009254286997,630.0038452,0.01247517113,630.0038452,0.01941216923,630.0038452,0.04049477354,
628.9752808,0.0001514593168,628.9752808,0.008773043752,628.9752808,0.01299691573,628.9752808,0.01978298649,628.9752808,0.04088418558,
627.9464111,-0.0008087524911,627.9464111,0.009011973627,627.9464111,0.01192377321,627.9464111,0.01891986839,627.9464111,0.04110087827,
627.06427,-0.0002580581931,627.06427,0.009385095909,627.06427,0.01269141119,627.06427,0.0193124041,627.06427,0.0404265523,
626.0348511,-6.626757113E-6,626.0348511,0.008782421239,626.0348511,0.01313571353,626.0348511,0.01973528042,626.0348511,0.04065415636,
625.005127,1.141586199E-5,625.005127,0.00900861714,625.005127,0.0122011546,625.005127,0.0193708092,625.005127,0.04114447162,
623.9750977,-2.697234049E-5,623.9750977,0.008711846545,623.9750977,0.01301929448,623.9750977,0.01947998255,623.9750977,0.0414425917,
622.9448242,6.306279829E-5,622.9448242,0.008496786468,622.9448242,0.01281600818,622.9448242,0.01950166933,622.9448242,0.04249683768,
622.0614624,-0.0001544082334,622.0614624,0.009418161586,622.0614624,0.01308814436,622.0614624,0.01922475547,622.0614624,0.04178369045,
621.0306396,-0.000539128785,621.0306396,0.009095893241,621.0306396,0.0127411494,621.0306396,0.02007815056,621.0306396,0.04218407348,
619.9994507,8.688199887E-5,619.9994507,0.009452367201,619.9994507,0.012948188,619.9994507,0.02022942901,619.9994507,0.04200981185,
618.9680176,-0.0009533684351,618.9680176,0.009488295764,618.9680176,0.01335476525,618.9680176,0.02014997229,618.9680176,0.04311900958,
617.9362793,-0.0002367920388,617.9362793,0.009020061232,617.9362793,0.01300758403,617.9362793,0.02068145946,617.9362793,0.04341224954,
617.0517578,9.092103573E-5,617.0517578,0.009418479167,617.0517578,0.0135742221,617.0517578,0.02106893249,617.0517578,0.04429553822,
616.0194702,0.0001965448464,616.0194702,0.009506287053,616.0194702,0.01352542918,616.0194702,0.02104401588,616.0194702,0.04466315731,
614.9868774,-1.75503319E-5,614.9868774,0.01007186901,614.9868774,0.013098469,614.9868774,0.02179409936,614.9868774,0.04533139616,
613.9540405,0.0003893700195,613.9540405,0.01020472683,613.9540405,0.01449506823,613.9540405,0.0227396246,613.9540405,0.04614628106,
613.0685425,0.0001045401223,613.0685425,0.01105784997,613.0685425,0.01534173265,613.0685425,0.02305673249,613.0685425,0.04806736857,
612.0351563,-0.0004195124202,612.0351563,0.01087206788,612.0351563,0.01425165962,612.0351563,0.0228597708,612.0351563,0.04802599549,
611.0014648,-0.0007293715025,611.0014648,0.01101273764,611.0014648,0.01443589665,611.0014648,0.02347971871,611.0014648,0.04920747504,
609.9674683,0.0003433836682,609.9674683,0.01129535586,609.9674683,0.01534580905,609.9674683,0.02420159057,609.9674683,0.05060965195,
608.9332275,-3.484111585E-5,608.9332275,0.011021154,608.9332275,0.0147114601,608.9332275,0.02424456365,608.9332275,0.05192093551,
608.0465088,-0.0001399169996,608.0465088,0.0120825367,608.0465088,0.0154625047,608.0465088,0.02533386089,608.0465088,0.05336393416,
607.0117188,-0.0005739267217,607.0117188,0.01222660765,607.0117188,0.01564409025,607.0117188,0.02584409527,607.0117188,0.05410240963,
605.9766235,-0.0002850662568,605.9766235,0.01268664002,605.9766235,0.01600649208,605.9766235,0.02619644441,605.9766235,0.05493787304,
604.9412842,-0.0001058089474,604.9412842,0.01342118625,604.9412842,0.01707906649,604.9412842,0.02773417905,604.9412842,0.05753313377,
604.0535889,0.0003811568895,604.0535889,0.01364705991,604.0535889,0.01722612418,604.0535889,0.02916906402,604.0535889,0.05873715505,
603.0177002,-8.17919572E-5,603.0177002,0.01382951718,603.0177002,0.01788109913,603.0177002,0.02888738364,603.0177002,0.06027430296,
601.9815674,-0.0004234949884,601.9815674,0.01415967848,601.9815674,0.01781984605,601.9815674,0.02986225113,601.9815674,0.06195633858,
600.9450684,-0.0006170970155,600.9450684,0.01478213258,600.9450684,0.01838121563,600.9450684,0.03078776039,600.9450684,0.06408575177,
600.0564575,0.000514995947,600.0564575,0.01570020616,600.0564575,0.01887093112,600.0564575,0.03213622048,600.0564575,0.06678527594,
599.0194702,0.0001406094525,599.0194702,0.01617320441,599.0194702,0.0209572129,599.0194702,0.03356751427,599.0194702,0.06938055158,
597.9822388,-0.0001562195976,597.9822388,0.01703321747,597.9822388,0.02038292959,597.9822388,0.03495087475,597.9822388,0.07134725899,
596.9446411,0.0008994845557,596.9446411,0.01775199361,596.9446411,0.02098725922,596.9446411,0.03590988368,596.9446411,0.07469189912,
596.0551147,0.0004633211356,596.0551147,0.01808887534,596.0551147,0.02150682546,596.0551147,0.0367247574,596.0551147,0.07707367837,
595.0170288,-0.0003131073317,595.0170288,0.0193445012,595.0170288,0.02269197255,595.0170288,0.03870582581,595.0170288,0.08062402159,
593.9786987,0.000308566785,593.9786987,0.021072492,593.9786987,0.02376122028,593.9786987,0.04210500792,593.9786987,0.08606595546,
592.9400635,-0.000200000708,592.9400635,0.02259259671,592.9400635,0.02484952472,592.9400635,0.04429353401,592.9400635,0.09082660824,
592.0495605,-0.0002753394074,592.0495605,0.02256088518,592.0495605,0.02557079494,592.0495605,0.04597295448,592.0495605,0.09518564492,
591.010437,-0.0002335321769,591.010437,0.02483050339,591.010437,0.02724167518,591.010437,0.04908902943,591.010437,0.1007942036,
589.9710083,0.0003488499497,589.9710083,0.0265574716,589.9710083,0.02873239852,589.9710083,0.05198777467,589.9710083,0.1068737209,
588.9312744,0.0001061454386,588.9312744,0.02808875591,588.9312744,0.03046262637,588.9312744,0.05487747863,588.9312744,0.1136417612,
588.039917,-0.000221889597,588.039917,0.02955324203,588.039917,0.03203471377,588.039917,0.05871958286,588.039917,0.1209109053,
586.9996948,-0.0004711278598,586.9996948,0.03168709204,586.9996948,0.03398577869,586.9996948,0.06297003478,586.9996948,0.1291925162,
585.9591675,-0.0004511133593,585.9591675,0.03464363888,585.9591675,0.03671917692,585.9591675,0.06793409586,585.9591675,0.1394031942,
585.0670776,-0.0001395547151,585.0670776,0.03714068979,585.0670776,0.03872608766,585.0670776,0.07217331231,585.0670776,0.1482122689,
584.026062,0.0008536257083,584.026062,0.04090861976,584.026062,0.04259550571,584.026062,0.07830039412,584.026062,0.1596552134,
582.9848022,-0.0006516819121,582.9848022,0.04324541613,582.9848022,0.04371255636,582.9848022,0.08333779871,582.9848022,0.1705106497,
581.9432373,-0.0003955127613,581.9432373,0.04619625956,581.9432373,0.04673285782,581.9432373,0.08929243684,581.9432373,0.1818627864,
581.0502319,-0.0003351457126,581.0502319,0.04982851073,581.0502319,0.0506782122,581.0502319,0.09599906206,581.0502319,0.1951168776,
580.0081787,3.67855173E-5,580.0081787,0.05325538293,580.0081787,0.05347508937,580.0081787,0.1017208993,580.0081787,0.2078449726,
578.9658203,0.0001648990292,578.9658203,0.056391038,578.9658203,0.05721263587,578.9658203,0.1075637564,578.9658203,0.220209673,
578.0721436,-0.0002557815751,578.0721436,0.05806434527,578.0721436,0.05875692144,578.0721436,0.1120853722,578.0721436,0.2288458645,
577.0292969,2.236605178E-5,577.0292969,0.06142127514,577.0292969,0.06119855866,577.0292969,0.1171598509,577.0292969,0.2398172319,
575.9862061,0.0002634437406,575.9862061,0.06409490108,575.9862061,0.063904576,575.9862061,0.1222138852,575.9862061,0.2500418425,
574.9428101,0.0001549292647,574.9428101,0.06619882584,574.9428101,0.06604153663,574.9428101,0.1265724897,574.9428101,0.2583296299,
574.0482178,-0.0002861527319,574.0482178,0.06854808331,574.0482178,0.06871856004,574.0482178,0.1303450316,574.0482178,0.2658902705,
573.0043335,-0.0002040370309,573.0043335,0.06981462985,573.0043335,0.06905286014,573.0043335,0.1331980973,573.0043335,0.2711490691,
571.960144,-0.0002856353531,571.960144,0.07154914737,571.960144,0.0702572763,571.960144,0.1358199865,571.960144,0.2760353982,
571.0649414,0.0003492126416,571.0649414,0.07197450101,571.0649414,0.07173503935,571.0649414,0.1365133971,571.0649414,0.2784455717,
570.0202637,0.0003123229544,570.0202637,0.072272636,570.0202637,0.07151261717,570.0202637,0.1372493058,570.0202637,0.2805682421,
568.9753418,-0.0004202365235,568.9753418,0.07182854414,568.9753418,0.07056888193,568.9753418,0.1370654851,568.9753418,0.279330492,
567.9301147,-8.536353562E-5,567.9301147,0.07147528976,567.9301147,0.07057463378,567.9301147,0.1366078407,567.9301147,0.2783303857,
567.0339966,-1.698086271E-5,567.0339966,0.07093639672,567.0339966,0.07015968859,567.0339966,0.1357478201,567.0339966,0.2765746713,
565.9882813,-0.0002099362318,565.9882813,0.07024406642,565.9882813,0.06977961212,565.9882813,0.1332566589,565.9882813,0.2722956836,
564.9423218,-3.820600978E-5,564.9423218,0.06880936027,564.9423218,0.06909422576,564.9423218,0.1319176555,564.9423218,0.2693528533,
564.0455933,-0.0001029621781,564.0455933,0.06808692217,564.0455933,0.06803372502,564.0455933,0.1299181879,564.0455933,0.2642931342,
562.9990845,0.001069681952,562.9990845,0.06668958813,562.9990845,0.06651097536,562.9990845,0.1279811263,562.9990845,0.2605054975,
561.9523926,3.784693399E-5,561.9523926,0.06471871585,561.9523926,0.06463967264,561.9523926,0.1250894219,561.9523926,0.254229188,
561.0549927,5.268114182E-5,561.0549927,0.06414858252,561.0549927,0.06466034055,561.0549927,0.1233708113,561.0549927,0.2507114112,
560.0077515,9.594399307E-5,560.0077515,0.06302979589,560.0077515,0.06293711811,560.0077515,0.1206538305,560.0077515,0.2471062988,
558.9602661,-0.0003658217029,558.9602661,0.06102719158,558.9602661,0.06119119748,558.9602661,0.1180945486,558.9602661,0.2418871969,
558.0621948,0.0001165542708,558.0621948,0.06068439782,558.0621948,0.06157131866,558.0621948,0.1165248528,558.0621948,0.2395440936,
557.0142212,-0.0002338943887,557.0142212,0.06035231426,557.0142212,0.05998850614,557.0142212,0.1154117286,557.0142212,0.2356000245,
555.9659424,-2.107066757E-5,555.9659424,0.06044271961,555.9659424,0.05953996256,555.9659424,0.1142173931,555.9659424,0.2328893691,
555.0672607,-0.0002868253505,555.0672607,0.05909312516,555.0672607,0.05947509408,555.0672607,0.1132077351,555.0672607,0.2318499833,
554.0185547,-0.0006100143073,554.0185547,0.05841710046,554.0185547,0.05877929926,554.0185547,0.1126276031,554.0185547,0.2301965952,
552.9695435,0.0001176158767,552.9695435,0.05846235156,552.9695435,0.05854202434,552.9695435,0.1125504151,552.9695435,0.2301962525,
552.0701904,0.0001147158764,552.0701904,0.05840208381,552.0701904,0.05916502699,552.0701904,0.112549141,552.0701904,0.2312659919,
551.020752,-0.0001117094725,551.020752,0.05885280669,551.020752,0.05943947285,551.020752,0.1133708358,551.020752,0.2315137088,
549.9710083,-8.12743383E-5,549.9710083,0.05936987326,549.9710083,0.05999427289,549.9710083,0.1144731119,549.9710083,0.234257251,
549.0710449,3.795048906E-5,549.0710449,0.06014376134,549.0710449,0.0604470633,549.0710449,0.1154731214,549.0710449,0.2364918292,
548.020813,-0.0006149773835,548.020813,0.05970414728,548.020813,0.06029862911,548.020813,0.115986973,548.020813,0.239254266,
546.9703369,-3.504818596E-5,546.9703369,0.06151393056,546.9703369,0.06214345247,546.9703369,0.1185133234,546.9703369,0.2428545952,
546.0697021,-0.001146941097,546.0697021,0.06242759153,546.0697021,0.06200174987,546.0697021,0.119205147,546.0697021,0.2451083809,
545.0187988,-0.0002963967272,545.0187988,0.06343630701,545.0187988,0.0650061965,545.0187988,0.1228733659,545.0187988,0.25031811,
543.9675903,-0.0005012254114,543.9675903,0.0647078082,543.9675903,0.06487452984,543.9675903,0.124670364,543.9675903,0.2551510334,
543.0663452,-1.258039811E-5,543.0663452,0.0666000396,543.0663452,0.06566654891,543.0663452,0.1259586662,543.0663452,0.2579033971,
542.0146484,-0.0001763511827,542.0146484,0.06716252863,542.0146484,0.06649501622,542.0146484,0.1273740679,542.0146484,0.2610300183,
540.9627075,0.0007375995046,540.9627075,0.0674791187,540.9627075,0.06735595316,540.9627075,0.1291896552,540.9627075,0.2641194165,
540.0608521,0.0002740117488,540.0608521,0.06752901524,540.0608521,0.06792904437,540.0608521,0.1301963627,540.0608521,0.2662302554,
539.0084229,-0.0003527859517,539.0084229,0.06860683113,539.0084229,0.06845276058,539.0084229,0.130889535,539.0084229,0.2684185505,
537.9557495,4.486269972E-5,537.9557495,0.06922034919,537.9557495,0.0691306442,537.9557495,0.1322575212,537.9557495,0.2705853879,
537.0532837,-4.338271538E-5,537.0532837,0.06861720234,537.0532837,0.06957495958,537.0532837,0.1316590756,537.0532837,0.270031631,
536.0001221,-0.0003581141063,536.0001221,0.06878233701,536.0001221,0.06878661364,536.0001221,0.1319874674,536.0001221,0.2707290947,
534.9467163,4.628657916E-5,534.9467163,0.06874603778,534.9467163,0.06905504316,534.9467163,0.1317749321,534.9467163,0.2699773312,
534.0436401,-0.000179352719,534.0436401,0.06830444187,534.0436401,0.06827721,534.0436401,0.1315647513,534.0436401,0.2686187327,
532.9897461,-3.753303099E-5,532.9897461,0.06868181378,532.9897461,0.06860483438,532.9897461,0.1302653253,532.9897461,0.2667831182,
531.9356689,-0.0002382926032,531.9356689,0.06734896451,531.9356689,0.06836449355,531.9356689,0.1291594654,531.9356689,0.2637465596,
531.0319214,-0.0003155388404,531.0319214,0.06651037186,531.0319214,0.06764279306,531.0319214,0.1276405007,531.0319214,0.2614379823,
529.977356,-0.0008062720299,529.977356,0.06456034631,529.977356,0.06512996554,529.977356,0.1246819869,529.977356,0.2565689087,
529.0732422,0.0002553624799,529.0732422,0.06452256441,529.0732422,0.06521358341,529.0732422,0.124200888,529.0732422,0.2539743483,
528.0181885,-0.0003269719891,528.0181885,0.06325983256,528.0181885,0.06456565857,528.0181885,0.1219210699,528.0181885,0.2494989932,
526.9628906,-0.001007813029,526.9628906,0.06213798746,526.9628906,0.06211875379,526.9628906,0.1189836636,526.9628906,0.2454740852,
526.0581665,-0.000321177853,526.0581665,0.06051770225,526.0581665,0.06133770198,526.0581665,0.1168903485,526.0581665,0.2401144207,
525.0023804,-0.000173608365,525.0023804,0.0601737611,525.0023804,0.06041335687,525.0023804,0.1145563722,525.0023804,0.234562695,
523.9464111,-0.0001210776827,523.9464111,0.05809212849,523.9464111,0.05865362287,523.9464111,0.1115229651,523.9464111,0.2292092592,
523.0410767,-0.0008269419195,523.0410767,0.05639793351,523.0410767,0.05761934817,523.0410767,0.1094804406,523.0410767,0.2260438204,
521.9846191,-0.0002802545787,521.9846191,0.05584305525,521.9846191,0.05701718479,521.9846191,0.1068105549,521.9846191,0.2195180953,
520.9279175,-0.001115442254,520.9279175,0.05341287702,520.9279175,0.05477847159,520.9279175,0.1034253687,520.9279175,0.2135302871,
520.0219727,-0.0004705072497,520.0219727,0.05228105187,520.0219727,0.05391896144,520.0219727,0.1016498357,520.0219727,0.2087554038,
518.9647827,-0.0002292373974,518.9647827,0.05131711811,518.9647827,0.05291702971,518.9647827,0.09999404848,518.9647827,0.2046784908,
518.0584717,-4.607457959E-5,518.0584717,0.05040906742,518.0584717,0.05293451622,518.0584717,0.09787844121,518.0584717,0.2013443708,
517.0008545,-7.169821038E-5,517.0008545,0.04889922962,517.0008545,0.05115607381,517.0008545,0.09562569857,517.0008545,0.1971872747,
515.9429932,-0.0003323004348,515.9429932,0.04770731926,515.9429932,0.05013346672,515.9429932,0.09329773486,515.9429932,0.1919551939,
515.0360718,-7.506866041E-6,515.0360718,0.04691043869,515.0360718,0.04882115871,515.0360718,0.09121534973,515.0360718,0.1873659641,
513.9777222,0.0001971922902,513.9777222,0.0461259,513.9777222,0.04832337797,513.9777222,0.08980387449,513.9777222,0.1848009378,
513.0704346,-0.0003547517117,513.0704346,0.04514590278,513.0704346,0.04730097577,513.0704346,0.0879091844,513.0704346,0.1811635494,
512.0116577,-0.00029117128,512.0116577,0.04483693838,512.0116577,0.04654471576,512.0116577,0.08660643548,512.0116577,0.1783034354,
510.9526672,0.000244846713,510.9526672,0.04371728003,510.9526672,0.04574711993,510.9526672,0.08535587788,510.9526672,0.175294742,
510.0447693,-0.0001256840769,510.0447693,0.04314491153,510.0447693,0.04525462911,510.0447693,0.0843950063,510.0447693,0.1727692038,
508.985321,-0.0001750574011,508.985321,0.04240686819,508.985321,0.04488214478,508.985321,0.0828654319,508.985321,0.1702497154,
507.9256287,-9.012559167E-5,507.9256287,0.04175185785,507.9256287,0.04437647015,507.9256287,0.08221517503,507.9256287,0.168177411,
507.0171204,-0.0001329299848,507.0171204,0.04141829908,507.0171204,0.04393086582,507.0171204,0.08130913228,507.0171204,0.1665578634,
505.9570007,-0.0002821171656,505.9570007,0.04073611647,505.9570007,0.04348517582,505.9570007,0.08001778275,505.9570007,0.1646004617,
505.0481262,-0.0002603865287,505.0481262,0.04028082639,505.0481262,0.04305208847,505.0481262,0.07968259603,505.0481262,0.1641293913,
503.9875488,2.117523763E-5,503.9875488,0.04048431665,503.9875488,0.04271853343,503.9875488,0.07936313748,503.9875488,0.1628675759,
502.9267273,-0.0001529073779,502.9267273,0.03986664116,502.9267273,0.04237681255,502.9267273,0.07835166901,502.9267273,0.1616162062,
502.0172729,-0.0006556106382,502.0172729,0.03961968422,502.0172729,0.04149040952,502.0172729,0.07742369175,502.0172729,0.1605335027,
500.9560242,-0.0006411878276,500.9560242,0.03925463557,500.9560242,0.04189260304,500.9560242,0.07754727453,500.9560242,0.1599932909,
500.0462036,-0.0002383960964,500.0462036,0.03927633911,500.0462036,0.04216273874,500.0462036,0.0778952837,500.0462036,0.1594747454,
498.9844971,-0.0001430223056,498.9844971,0.03964554518,498.9844971,0.04182866588,498.9844971,0.07711334527,498.9844971,0.1600799561,
498.0742798,-0.0007617251249,498.0742798,0.03876310587,498.0742798,0.04138595238,498.0742798,0.07687288523,498.0742798,0.1589043885,
497.012146,-0.0002700619807,497.012146,0.03898831457,497.012146,0.04207871109,497.012146,0.07739028335,497.012146,0.1590460539,
495.9497986,-0.0001077757988,495.9497986,0.03900405765,495.9497986,0.04185822606,495.9497986,0.07685561478,495.9497986,0.1581005752,
495.0390015,-6.885612947E-6,495.0390015,0.03922128677,495.0390015,0.0426300317,495.0390015,0.07710440457,495.0390015,0.1592980921,
493.9762268,-0.0006336919032,493.9762268,0.03866304085,493.9762268,0.04188428074,493.9762268,0.07695165277,493.9762268,0.1581784487,
493.0650635,-0.0001471626747,493.0650635,0.03879415616,493.0650635,0.04200570658,493.0650635,0.07703201473,493.0650635,0.1600445211,
492.0018311,0.0002167973144,492.0018311,0.03924494609,492.0018311,0.04201531783,492.0018311,0.07742022723,492.0018311,0.1592181623,
490.9383545,-7.382050535E-5,490.9383545,0.03962305561,490.9383545,0.04244026169,490.9383545,0.07775203139,490.9383545,0.1597445458,
490.0266418,-0.0001358800801,490.0266418,0.03958565369,490.0266418,0.04281779751,490.0266418,0.07788310945,490.0266418,0.1613370627,
488.9627686,-7.651218039E-5,488.9627686,0.0388953574,488.9627686,0.04221731052,488.9627686,0.07753442973,488.9627686,0.1612829566,
488.0506592,4.121241727E-5,488.0506592,0.03990318999,488.0506592,0.04287190735,488.0506592,0.07816726714,488.0506592,0.1609527618,
486.9863586,-0.0001563231053,486.9863586,0.03982930258,486.9863586,0.04268009216,486.9863586,0.0786960423,486.9863586,0.161895752,
486.0738831,-0.0002180604206,486.0738831,0.0400470309,486.0738831,0.04327155277,486.0738831,0.0790463984,486.0738831,0.1625115275,
485.0091553,-0.0001575134374,485.0091553,0.04091956839,485.0091553,0.04331805557,485.0091553,0.07943471521,485.0091553,0.1634468287,
483.9441833,-0.0001501126681,483.9441833,0.04038242996,483.9441833,0.04337137192,483.9441833,0.08017656952,483.9441833,0.1641540974,
483.0311584,-1.998350854E-5,483.0311584,0.04071664438,483.0311584,0.04376620799,483.0311584,0.08125197887,483.0311584,0.1654430479,
481.9657593,-0.0003249026486,481.9657593,0.04067923129,481.9657593,0.04386562482,481.9657593,0.0808717981,481.9657593,0.1663188189,
481.0523682,-0.0006273848703,481.0523682,0.0411098972,481.0523682,0.04434143379,481.0523682,0.0816205889,481.0523682,0.1679390967,
479.9865417,-0.0006783553399,479.9865417,0.0424470529,479.9865417,0.04464852437,479.9865417,0.08223354071,479.9865417,0.1695960611,
479.0728149,-0.0002027433511,479.0728149,0.04267143831,479.0728149,0.04482215643,479.0728149,0.08307901025,479.0728149,0.1719482243,
478.0065918,6.710161688E-5,478.0065918,0.0431416519,478.0065918,0.04595324397,478.0065918,0.08351593465,478.0065918,0.1745775342,
476.9401245,-0.0001298246061,476.9401245,0.04377917945,476.9401245,0.0465663299,476.9401245,0.08591080457,476.9401245,0.176829502,
476.0258179,-8.991854702E-5,476.0258179,0.04450232536,476.0258179,0.0479384847,476.0258179,0.08775150031,476.0258179,0.1790697575,
474.9589233,-0.0001124858463,474.9589233,0.04514098912,474.9589233,0.04789194465,474.9589233,0.08912039548,474.9589233,0.1833560318,
474.044281,-2.215782297E-5,474.044281,0.04628500342,474.044281,0.04926044494,474.044281,0.09074346721,474.044281,0.1865763664,
472.9769897,-0.0004033231235,472.9769897,0.0465156436,472.9769897,0.0498239547,472.9769897,0.09190702438,472.9769897,0.1901358366,
472.0619812,-0.0001950328588,472.0619812,0.04815519601,472.0619812,0.05123211443,472.0619812,0.09431233257,472.0619812,0.1934317648,
470.9942627,8.134132804E-5,470.9942627,0.04955551028,470.9942627,0.05190961435,470.9942627,0.0963819325,470.9942627,0.1979132742,
469.9263306,6.306279829E-5,469.9263306,0.05102050304,469.9263306,0.05386791378,469.9263306,0.09971876442,469.9263306,0.2043372691,
469.0108032,-0.0002769433195,469.0108032,0.05296425521,469.0108032,0.05503808707,469.0108032,0.1027017087,469.0108032,0.2102949172,
467.9424438,-0.0002728041727,467.9424438,0.05415454507,467.9424438,0.05695428699,467.9424438,0.1057410762,467.9424438,0.2164659351,
467.0265503,-0.0002161975572,467.0265503,0.05598947778,467.0265503,0.05810287222,467.0265503,0.1086182296,467.0265503,0.222114712,
465.9577942,-9.773441707E-5,465.9577942,0.05749418586,465.9577942,0.0599389933,465.9577942,0.1121334955,465.9577942,0.2297766209,
465.0415344,0.0001318831492,465.0415344,0.05981170759,465.0415344,0.06264316291,465.0415344,0.1161753386,465.0415344,0.2380844653,
463.9723816,-0.0008497809758,463.9723816,0.0622782968,463.9723816,0.06369616836,463.9723816,0.121109426,463.9723816,0.2483468056,
463.0557861,-0.0003501477186,463.0557861,0.06457079202,463.0557861,0.06635086238,463.0557861,0.1254231036,463.0557861,0.2576166987,
461.9862061,0.0001591760956,461.9862061,0.06775687635,461.9862061,0.06928116083,461.9862061,0.1313183904,461.9862061,0.2687675059,
461.0692749,-0.0002192505635,461.0692749,0.0701777041,461.0692749,0.07162149251,461.0692749,0.135421142,461.0692749,0.2769531906,
459.9992981,-9.587104432E-5,459.9992981,0.07369096577,459.9992981,0.0743798092,459.9992981,0.1418859661,459.9992981,0.2901333272,
458.9291077,-0.0002764259116,458.9291077,0.07755371183,458.9291077,0.0785305351,458.9291077,0.1492567658,458.9291077,0.3045240045,
458.0116272,-4.524631731E-5,458.0116272,0.08136241883,458.0116272,0.0820100531,458.0116272,0.1566070467,458.0116272,0.3199826777,
456.94104,-0.0003914264671,456.94104,0.08472736925,456.94104,0.08522306383,456.94104,0.1632261723,456.94104,0.3327653706,
456.0232239,0.0001472902513,456.0232239,0.08896876127,456.0232239,0.08864062279,456.0232239,0.1698946506,456.0232239,0.3462100923,
454.95224,-5.523714208E-5,454.95224,0.09277322888,454.95224,0.09294986725,454.95224,0.1777831763,454.95224,0.3641341925,
454.0340576,-0.000984775601,454.0340576,0.09592770785,454.0340576,0.09639459848,454.0340576,0.185224399,454.0340576,0.3785739839,
452.962677,-0.0004062196531,452.962677,0.1021296009,452.962677,0.1013923362,452.962677,0.1961926073,452.962677,0.399356395,
452.0441589,-0.0001014611407,452.0441589,0.1068704128,452.0441589,0.1059592366,452.0441589,0.2045608908,452.0441589,0.4176283777,
450.9723816,-0.0002496243105,450.9723816,0.1128986031,450.9723816,0.1116120294,450.9723816,0.2154778242,450.9723816,0.4405417144,
450.0535583,8.413021533E-6,450.0535583,0.1174335256,450.0535583,0.1161068454,450.0535583,0.2247186303,450.0535583,0.4581263363,
448.9813538,-6.263952673E-5,448.9813538,0.1248000115,448.9813538,0.1225869358,448.9813538,0.2379369736,448.9813538,0.485576719,
448.0621948,-0.0003907540522,448.0621948,0.1323153377,448.0621948,0.1295155287,448.0621948,0.2510751188,448.0621948,0.512522459,
446.989624,-0.0001040491261,446.989624,0.1402287632,446.989624,0.1368370801,446.989624,0.2651393712,446.989624,0.5391826034,
446.0700989,7.494634337E-5,446.0700989,0.1472543925,446.0700989,0.1438751668,446.0700989,0.2797997296,446.0700989,0.5680149198,
444.9971313,5.646096542E-5,444.9971313,0.1565264612,444.9971313,0.1524090618,444.9971313,0.2964648604,444.9971313,0.6051954031,
443.9239502,-0.0003086581128,443.9239502,0.1675940305,443.9239502,0.1626103222,443.9239502,0.3187303543,443.9239502,0.6451489925,
443.0039368,-0.0001617571688,443.0039368,0.1781613678,443.0039368,0.1731589437,443.0039368,0.3378679454,443.0039368,0.6887474656,
441.9303589,-2.578165913E-5,441.9303589,0.1908823103,441.9303589,0.1853569448,441.9303589,0.3619304001,441.9303589,0.7336314321,
441.0100098,-0.0004436141753,441.0100098,0.2023530304,441.0100098,0.1969778091,441.0100098,0.3848675489,441.0100098,0.780688405,
439.9360657,1.931136103E-5,439.9360657,0.2203625292,439.9360657,0.2125376463,439.9360657,0.4192981124,439.9360657,0.8465977907,
439.0153809,-0.0002266501542,439.0153809,0.2345906496,439.0153809,0.2253282964,439.0153809,0.4410084486,439.0153809,0.8975998163,
437.94104,-0.0005111540086,437.94104,0.2541970015,437.94104,0.2434090227,437.94104,0.4787966311,437.94104,0.9757738113,
437.0200195,-0.0008557747351,437.0200195,0.2763860822,437.0200195,0.263002634,437.0200195,0.5203889012,437.0200195,1.057116747,
435.945282,-0.0001665183954,435.945282,0.30058375,435.945282,0.2882396877,435.945282,0.5649242997,435.945282,1.149621129,
435.0239563,-0.0003606488463,435.0239563,0.3224651217,435.0239563,0.3085531592,435.0239563,0.610799253,435.0239563,1.240818024,
433.9488525,-0.0007448767428,433.9488525,0.3535173535,433.9488525,0.3334665,433.9488525,0.6583495736,433.9488525,1.338869452,
433.0271606,-8.153314411E-5,433.0271606,0.3804722428,433.0271606,0.361815244,433.0271606,0.7102274895,433.0271606,1.450324297,
431.9516907,-9.183370275E-5,431.9516907,0.4152542353,431.9516907,0.3934948444,431.9516907,0.7802461982,431.9516907,1.57520473,
431.0296936,-3.230448783E-5,431.0296936,0.449619323,431.0296936,0.4231256247,431.0296936,0.8410827518,431.0296936,1.701655507,
429.9538269,0.0002857974614,429.9538269,0.4841513336,429.9538269,0.4592250288,429.9538269,0.9096239209,429.9538269,1.822126269,
429.0315247,8.853091458E-6,429.0315247,0.5140289068,429.0315247,0.4830068052,429.0315247,0.9601183534,429.0315247,1.93150723,
427.9552917,-0.0002642153413,427.9552917,0.5493836999,427.9552917,0.5168578029,427.9552917,1.030915737,427.9552917,2.067242146,
427.0326538,0.0001310545485,427.0326538,0.5807147622,427.0326538,0.5482894778,427.0326538,1.086324334,427.0326538,2.178553104,
425.9560242,0.0001133176629,425.9560242,0.6143866777,425.9560242,0.5803641081,425.9560242,1.152270079,425.9560242,2.3093431,
425.0330811,-0.0002563507296,425.0330811,0.6405975819,425.0330811,0.6074518561,425.0330811,1.202935815,425.0330811,2.385328531,
423.9560852,-5.850189609E-6,423.9560852,0.6723178029,423.9560852,0.6343988776,423.9560852,1.257550716,423.9560852,2.474253416,
423.0328064,0.0001892935688,423.0328064,0.6915733814,423.0328064,0.6502150297,423.0328064,1.285446525,423.0328064,2.543364525,
421.9554443,-0.0001353107655,421.9554443,0.7077744007,421.9554443,0.6660135388,421.9554443,1.318105578,421.9554443,2.588378191,
421.0318604,-0.0002037265513,421.0318604,0.718423903,421.0318604,0.675911665,421.0318604,1.34098351,421.0318604,2.624622107,
419.9541321,0.0002614493133,419.9541321,0.7219824195,419.9541321,0.6798241735,419.9541321,1.345723271,419.9541321,2.640921116,
419.0302124,-0.0004986397689,419.0302124,0.7211007476,419.0302124,0.6777455211,419.0302124,1.341795087,419.0302124,2.586008072,
417.9521484,0.0002292548597,417.9521484,0.7113392949,417.9521484,0.6693357229,417.9521484,1.325902462,417.9521484,2.565467834,
417.0278931,-0.0007216186495,417.0278931,0.7002568245,417.0278931,0.6595835686,417.0278931,1.307212472,417.0278931,2.520990849,
415.9494629,0.000219905196,415.9494629,0.6826015115,415.9494629,0.6428117752,415.9494629,1.277300239,415.9494629,2.519523382,
415.0249023,0.0001822754566,415.0249023,0.6608906984,415.0249023,0.6221762896,415.0249023,1.231867909,415.0249023,2.426329613,
413.946106,-0.0004811088729,413.946106,0.6353672743,413.946106,0.6016494036,413.946106,1.185934544,413.946106,2.357575655,
413.0212402,-0.0003823227307,413.0212402,0.6156054139,413.0212402,0.5817450881,413.0212402,1.146155953,413.0212402,2.329060793,
411.9420776,-0.0001248042099,411.9420776,0.587400198,411.9420776,0.5549809337,411.9420776,1.099838138,411.9420776,2.217862606,
411.0169067,9.552027223E-6,411.0169067,0.5630505085,411.0169067,0.5314111114,411.0169067,1.049957633,411.0169067,2.129412174,
409.9373779,-0.001232698909,409.9373779,0.5310043097,409.9373779,0.5055466294,409.9373779,0.9912350774,409.9373779,1.999921083,
409.0119019,0.0004537850327,409.0119019,0.511929214,409.0119019,0.4815291762,409.0119019,0.9521715641,409.0119019,1.933823824,
407.9320068,-0.0004010990087,407.9320068,0.4829153419,407.9320068,0.4543056488,407.9320068,0.8986169696,407.9320068,1.823079705,
407.0062256,-0.0003855814866,407.0062256,0.4624723792,407.0062256,0.4415789545,407.0062256,0.866073072,407.0062256,1.755727649,
405.9259644,-0.0001299798751,405.9259644,0.439620018,405.9259644,0.4175999463,405.9259644,0.8247987032,405.9259644,1.666050434,
404.9998779,-0.0002136102412,404.9998779,0.4160622954,404.9998779,0.3970290422,404.9998779,0.7801926732,404.9998779,1.579272985,
404.0736694,0.0004117043281,404.0736694,0.4000311792,404.0736694,0.3797827363,404.0736694,0.7470752597,404.0736694,1.513614774,
402.9928894,-0.0002026915899,402.9928894,0.3803134561,402.9928894,0.3624470234,402.9928894,0.711293757,402.9928894,1.442713022,
402.0663452,2.290968587E-5,402.0663452,0.3662210107,402.0663452,0.3520114124,402.0663452,0.6890820265,402.0663452,1.396435857,
400.9852295,0.0003593423171,400.9852295,0.3490623534,400.9852295,0.3377658725,400.9852295,0.6574786901,400.9852295,1.334275484,
400.0584106,-0.0001549775188,400.0584106,0.3338547945,400.0584106,0.320664078,400.0584106,0.6293356419,400.0584106,1.284187794,
398.9769287,0.0001917538029,398.9769287,0.3197103441,398.9769287,0.3060874343,398.9769287,0.6003798842,398.9769287,1.228465676,
398.0498047,-0.0003330246836,398.0498047,0.3063845038,398.0498047,0.2962782085,398.0498047,0.577996254,398.0498047,1.174961329,
396.9679871,0.0003896809358,396.9679871,0.2936225832,396.9679871,0.2862549126,396.9679871,0.5549116731,396.9679871,1.127793193,
396.0405579,-0.000175833673,396.0405579,0.2847183049,396.0405579,0.2757700086,396.0405579,0.5353704691,396.0405579,1.086992383,
394.958374,-2.081181992E-5,394.958374,0.2727809846,394.958374,0.262021482,394.958374,0.5133596659,394.958374,1.04225111,
394.0306702,-0.000108500426,394.0306702,0.2608774602,394.0306702,0.2510850132,394.0306702,0.4915637076,394.0306702,1.000259995,
392.9481506,-0.0003436814004,392.9481506,0.2518160343,392.9481506,0.2437403053,392.9481506,0.4737289548,392.9481506,0.9673006535,
392.0201111,0.0002934130025,392.0201111,0.2424423695,392.0201111,0.2350867838,392.0201111,0.4606540799,392.0201111,0.9332004189,
390.9372559,-0.0003973748535,390.9372559,0.2334314734,390.9372559,0.226564303,390.9372559,0.4411605299,390.9372559,0.8980817199,
390.0089417,0.0002696860756,390.0089417,0.2257448733,390.0089417,0.2193008512,390.0089417,0.4272087812,390.0089417,0.8678844571,
388.9257507,0.0004910236457,388.9257507,0.2167284191,388.9257507,0.2109563798,388.9257507,0.4100640714,388.9257507,0.8334145546,
387.9971619,-0.0002842384274,387.9971619,0.2121149302,387.9971619,0.2058195621,387.9971619,0.3989253342,387.9971619,0.8145304322,
387.0684204,-0.0006223185337,387.0684204,0.2047197074,387.0684204,0.2008397877,387.0684204,0.3885150254,387.0684204,0.7905532718,
385.9847107,-0.0002003629343,385.9847107,0.2001177818,385.9847107,0.1951834559,385.9847107,0.3782433867,385.9847107,0.7724751234,
385.0556946,6.8655012E-5,385.0556946,0.194736883,385.0556946,0.1914004683,385.0556946,0.3721366525,385.0556946,0.7553397417,
383.9716492,-7.248065117E-7,383.9716492,0.1897767633,383.9716492,0.186638698,383.9716492,0.360901624,383.9716492,0.7345688939,
383.0423279,-0.0002247355878,383.0423279,0.1865510643,383.0423279,0.184075743,383.0423279,0.3545811772,383.0423279,0.7218325138,
381.9579468,0.0004451301647,381.9579468,0.1837618798,381.9579468,0.1811125576,381.9579468,0.3494154811,381.9579468,0.7102156281,
381.0283508,0.0001891640713,381.0283508,0.1820950061,381.0283508,0.1786003858,381.0283508,0.3456825316,381.0283508,0.7050482035,
379.943634,-1.278748005E-5,379.943634,0.1800732166,379.943634,0.1763538122,379.943634,0.3414329886,379.943634,0.6966713071,
379.0137634,-0.0001328782382,379.0137634,0.1776130199,379.0137634,0.175560385,379.0137634,0.3386405408,379.0137634,0.6901183128,
377.9287109,-0.0005465229624,377.9287109,0.1772963405,377.9287109,0.1744237989,377.9287109,0.3372644782,377.9287109,0.6845835447,
376.9985352,-5.073353532E-5,376.9985352,0.1764817685,376.9985352,0.1742447764,376.9985352,0.3367913663,376.9985352,0.6855345964,
376.0682373,-0.0007065261016,376.0682373,0.1765047014,376.0682373,0.1736733615,376.0682373,0.3363676965,376.0682373,0.6841778159,
374.9827271,-0.0004385456559,374.9827271,0.1768736094,374.9827271,0.1745987386,374.9827271,0.3368479609,374.9827271,0.6857833862,
374.052124,-0.001243385253,374.052124,0.17736426,374.052124,0.1747915298,374.052124,0.3375760913,374.052124,0.6875626445,
372.9662781,8.701145271E-5,372.9662781,0.1789363772,372.9662781,0.1771879494,372.9662781,0.3412104547,372.9662781,0.6941201091,
372.0354004,0.000344782602,372.0354004,0.1807692647,372.0354004,0.178215757,372.0354004,0.3439819813,372.0354004,0.6968261003,
370.9492493,-4.105320477E-5,370.9492493,0.1824759245,370.9492493,0.1796634495,370.9492493,0.3470192254,370.9492493,0.7053503394,
370.0180969,0.0005987408222,370.0180969,0.1837665886,370.0180969,0.1814010143,370.0180969,0.3500180244,370.0180969,0.7117853165,
368.9315796,0.0003642906668,368.9315796,0.1865330189,368.9315796,0.1828662753,368.9315796,0.3552851677,368.9315796,0.7219772339,
368.0001831,0.0004345579946,368.0001831,0.1883491725,368.0001831,0.1858883649,368.0001831,0.3593119979,368.0001831,0.727889657,
367.068634,-0.000170969055,367.068634,0.1908835918,367.068634,0.187573269,367.068634,0.362834245,367.068634,0.7272895575,
365.9816589,-0.0007625520229,365.9816589,0.1926207393,365.9816589,0.1896175891,365.9816589,0.3670344353,365.9816589,0.7441490889,
365.0498352,-0.0002451744513,365.0498352,0.1949373931,365.0498352,0.1913656294,365.0498352,0.3706161678,365.0498352,0.7522655725,
363.9625244,-0.0001612914057,363.9625244,0.1973114461,363.9625244,0.1930011958,363.9625244,0.3744012415,363.9625244,0.759165287,
363.030426,-0.000175626672,363.030426,0.1980997473,363.030426,0.1941031367,363.030426,0.3764773607,363.030426,0.765724957,
361.9428406,-0.0006083599292,361.9428406,0.1993033886,361.9428406,0.1953098923,361.9428406,0.3788650334,361.9428406,0.7694756985,
361.0104675,-0.0006342088454,361.0104675,0.1998124123,361.0104675,0.1957158595,361.0104675,0.3799847662,361.0104675,0.7715312243,
359.9225159,-0.0003851159418,359.9225159,0.2008022964,359.9225159,0.1964893043,359.9225159,0.3817895651,359.9225159,0.7741626501,
358.9898987,-0.0003950472455,358.9898987,0.200751543,358.9898987,0.1966415346,358.9898987,0.3808646202,358.9898987,0.7739773393,
358.0571289,-0.0001872187422,358.0571289,0.2004920542,358.0571289,0.196012482,358.0571289,0.3804811537,358.0571289,0.7724592686,
356.96875,-0.0007071980508,356.96875,0.1986942738,356.96875,0.1948237121,356.96875,0.3773408532,356.96875,0.7666606903,
356.0357056,-0.0002568163909,356.0357056,0.1973183453,356.0357056,0.1938765496,356.0357056,0.3753392398,356.0357056,0.7630490065,
354.9470215,-0.0002623526962,354.9470215,0.1959408969,354.9470215,0.1927717924,354.9470215,0.3716553152,354.9470215,0.757050693,
354.0137024,3.308352825E-5,354.0137024,0.1938222647,354.0137024,0.1904717684,354.0137024,0.3688652813,354.0137024,0.7480331063,
352.9247131,0.000324135588,352.9247131,0.191505298,352.9247131,0.1882269382,352.9247131,0.3632255197,352.9247131,0.7349324226,
351.9911194,0.0002945009619,351.9911194,0.1888106167,351.9911194,0.1856378764,351.9911194,0.3585190177,351.9911194,0.7265111208,
351.0574341,0.0002996557741,351.0574341,0.1859078258,351.0574341,0.1829792857,351.0574341,0.3535962701,351.0574341,0.7163856626,
349.9679871,-0.0003836159012,349.9679871,0.182078287,349.9679871,0.1795322299,349.9679871,0.3465806842,349.9679871,0.7042010427,
349.0340271,-2.024235619E-5,349.0340271,0.1794679016,349.0340271,0.1769433618,349.0340271,0.3406641781,349.0340271,0.6896362901,
347.9442749,0.0001027794569,347.9442749,0.1745595038,347.9442749,0.1720793098,347.9442749,0.3326734006,347.9442749,0.6736405492,
347.0100708,-0.000588093244,347.0100708,0.1721006632,347.0100708,0.1691673845,347.0100708,0.3267802596,347.0100708,0.6622012258,
346.0757141,0.0004050971766,346.0757141,0.168903634,346.0757141,0.1670725346,346.0757141,0.3215095103,346.0757141,0.6517407894,
344.9855347,0.000107388274,344.9855347,0.1655439138,344.9855347,0.1637150198,344.9855347,0.3149074018,344.9855347,0.6400232315,
344.0509338,-5.741128189E-5,344.0509338,0.1622160226,344.0509338,0.1612671167,344.0509338,0.3087136447,344.0509338,0.6255059242,
342.9604187,-9.561223851E-5,342.9604187,0.1571770757,342.9604187,0.1565612406,342.9604187,0.3001164496,342.9604187,0.6092278361,
342.0255737,0.0004529558355,342.0255737,0.1539266855,342.0255737,0.1532222629,342.0255737,0.294172287,342.0255737,0.5968016982,
340.9347534,-4.384861677E-5,340.9347534,0.1501536518,340.9347534,0.1503807455,340.9347534,0.2866830528,340.9347534,0.5794061422,
339.9996643,0.0004747232888,339.9996643,0.1469798535,339.9996643,0.1465676278,339.9996643,0.2817165256,339.9996643,0.5699318051,
339.0644226,-9.178194159E-5,339.0644226,0.1433319002,339.0644226,0.1430257261,339.0644226,0.274138391,339.0644226,0.5544186234,
337.973175,-2.899131687E-5,337.973175,0.1387964636,337.973175,0.1392598152,337.973175,0.2659551203,337.973175,0.5385543108,
337.0377197,-0.0001243383886,337.0377197,0.1356244236,337.0377197,0.1361151636,337.0377197,0.2595648766,337.0377197,0.5282739997,
335.946167,-6.243246753E-5,335.946167,0.1311076581,335.946167,0.1330703795,335.946167,0.2516977787,335.946167,0.5117563009,
335.010437,-0.0002875496575,335.010437,0.127618283,335.010437,0.1305674314,335.010437,0.2462975979,335.010437,0.5000060797,
334.074585,-0.0004124264524,334.074585,0.1243675128,334.074585,0.125749588,334.074585,0.2400776595,334.074585,0.4852220714,
332.9826355,0.0001647954487,332.9826355,0.120664835,332.9826355,0.1227329299,332.9826355,0.2318947911,332.9826355,0.4689734876,
332.0465393,3.497335274E-5,332.0465393,0.116957128,332.0465393,0.1200202331,332.0465393,0.2249691188,332.0465393,0.4547465742,
330.9542847,-0.0002543328155,330.9542847,0.1134110317,330.9542847,0.1154589355,330.9542847,0.2179030478,330.9542847,0.4405205548,
330.0179138,-7.651218039E-5,330.0179138,0.1105683967,330.0179138,0.1125587299,330.0179138,0.2129482031,330.0179138,0.4323282838,
328.9253845,-0.0001989139855,328.9253845,0.1065462753,328.9253845,0.1098431125,328.9253845,0.2067153603,328.9253845,0.4169771969,
327.9888,-0.0008179506403,327.9888,0.1029534265,327.9888,0.1066505983,327.9888,0.1996091753,327.9888,0.4062899351,
327.0520935,-0.0002586273476,327.0520935,0.1013337895,327.0520935,0.1039882302,327.0520935,0.195431754,327.0520935,0.3976569772,
325.9591064,0.0004466331156,325.9591064,0.09787192941,325.9591064,0.1018472686,325.9591064,0.1900688559,325.9591064,0.3843117058,
325.0221558,0.0001807734516,325.0221558,0.09569755197,325.0221558,0.09936285019,325.0221558,0.1858665198,325.0221558,0.3742854893,
323.928894,-0.0001048255217,323.928894,0.09296445549,323.928894,0.09709762037,323.928894,0.1806939542,323.928894,0.3637880981,
322.9916992,0.000480528106,322.9916992,0.08997850865,322.9916992,0.09429776669,322.9916992,0.1760385931,322.9916992,0.3539589942,
322.0544128,-0.0001708655473,322.0544128,0.0878059715,322.0544128,0.09262024611,322.0544128,0.1720910072,322.0544128,0.3468205035,
320.9607544,-0.0003151767014,320.9607544,0.08790966123,320.9607544,0.09050564468,320.9607544,0.1681207269,320.9607544,0.3390647471,
320.0231934,-0.0005157563137,320.0231934,0.08467537165,320.0231934,0.08976815641,320.0231934,0.1657816023,320.0231934,0.3349243104,
318.9292603,0.0003314668429,318.9292603,0.08321465552,318.9292603,0.088181898,318.9292603,0.1628141701,318.9292603,0.3299083412,
317.9914551,7.070033462E-5,317.9914551,0.08282890171,317.9914551,0.08771722764,317.9914551,0.1615931839,317.9914551,0.3261713684,
317.0535583,-9.250659787E-5,317.0535583,0.08185262233,317.0535583,0.08767940104,317.0535583,0.1607330739,317.0535583,0.3235673308,
315.959198,-0.000423960475,315.959198,0.08159016073,315.959198,0.08650529385,315.959198,0.1597341448,315.959198,0.3218596578,
315.0210876,-3.245978951E-5,315.0210876,0.08175446093,315.0210876,0.087259911,315.0210876,0.1603891104,315.0210876,0.3230014145,
313.9264526,-0.0003807709436,313.9264526,0.08210551739,313.9264526,0.08747965842,313.9264526,0.1613740325,313.9264526,0.3250893056,
312.9880676,0.0001040740608,312.9880676,0.08418108523,312.9880676,0.08900409192,312.9880676,0.1635002345,312.9880676,0.3292146921,
312.0495911,-0.0001228374313,312.0495911,0.08482123166,312.0495911,0.09027613699,312.0495911,0.1661825478,312.0495911,0.3347023427,
310.9545593,-0.0002352914744,310.9545593,0.08702949435,310.9545593,0.09234258533,310.9545593,0.1709441841,310.9545593,0.3428514004,
310.0158386,-0.0001990692399,310.0158386,0.08975189179,310.0158386,0.09454739094,310.0158386,0.1761099994,310.0158386,0.3522010446,
309.0770264,-0.0002586273476,309.0770264,0.09296920151,309.0770264,0.09821782261,309.0770264,0.1825699806,309.0770264,0.3665236235,
307.9815979,-0.0001485600515,307.9815979,0.09895667434,307.9815979,0.1043509245,307.9815979,0.1929023713,307.9815979,0.3919074237,
307.0425415,-0.0001374327403,307.0425415,0.1039630398,307.0425415,0.1086001471,307.0425415,0.2046573311,307.0425415,0.4071472287,
305.9468689,0.000354419928,305.9468689,0.1124103218,305.9468689,0.1165587455,305.9468689,0.2163937092,305.9468689,0.4432795644,
305.0075684,0.0001852018177,305.0075684,0.1197508574,305.0075684,0.1213479862,305.0075684,0.2294426411,305.0075684,0.4643158913,
304.0681763,0.0002803060343,304.0681763,0.1274834573,304.0681763,0.129714638,304.0681763,0.2460323572,304.0681763,0.4996647537,
302.9721069,-2.453920388E-5,302.9721069,0.1382035315,302.9721069,0.1409379095,302.9721069,0.2693218589,302.9721069,0.5441837907,
302.0325012,0.0002173152898,302.0325012,0.1480344236,302.0325012,0.1498973519,302.0325012,0.2885316312,302.0325012,0.5821782947,
300.9361267,0.0001867038372,300.9361267,0.1627380997,300.9361267,0.1617591679,300.9361267,0.3127367795,300.9361267,0.6248383522,
299.9963074,0.0001818352175,299.9963074,0.1719047278,299.9963074,0.1710070372,299.9963074,0.330681324,299.9963074,0.6708626747,
299.056366,-0.0001325159392,299.056366,0.1842963398,299.056366,0.1834579855,299.056366,0.3560341001,299.056366,0.7132038474,
297.9596252,-0.0004186848528,297.9596252,0.2070531994,297.9596252,0.1990455687,297.9596252,0.3924940825,297.9596252,0.7773761749,
297.0194397,7.455222658E-6,297.0194397,0.2209484428,297.0194397,0.216436103,297.0194397,0.4202631116,297.0194397,0.8443237543,
295.9224548,0.0001055240282,295.9224548,0.2411285639,295.9224548,0.2370742261,295.9224548,0.461648047,295.9224548,0.9171051979,
294.9820557,-0.0003157975152,294.9820557,0.2559327185,294.9820557,0.2539316416,294.9820557,0.4920762777,294.9820557,0.9944794178,
294.0415649,-4.742050442E-5,294.0415649,0.280539155,294.0415649,0.275054574,294.0415649,0.5352472663,294.0415649,1.084599733,
292.9442139,-0.0001557020732,292.9442139,0.3004672229,292.9442139,0.2935531139,292.9442139,0.573983252,292.9442139,1.161200047,
292.003479,-8.981502469E-5,292.003479,0.3111810684,292.003479,0.3035824001,292.003479,0.5917241573,292.003479,1.191162825,
291.0626831,-0.0001317913557,291.0626831,0.3231269717,291.0626831,0.314992249,291.0626831,0.614408195,291.0626831,1.238437891,
289.9649353,0.0001462544606,289.9649353,0.3404367566,289.9649353,0.331073761,289.9649353,0.6406754255,289.9649353,1.304469585,
289.0238953,-0.0003433192906,289.0238953,0.3606570363,289.0238953,0.3491686583,289.0238953,0.6773356795,289.0238953,1.38589704,
287.9259033,7.139937225E-5,287.9259033,0.3854902089,287.9259033,0.3685011268,287.9259033,0.7274032831,287.9259033,1.471336961,
286.9846497,-0.0004247362958,286.9846497,0.4017544389,286.9846497,0.3866137564,286.9846497,0.7594923973,286.9846497,1.53622961,
286.0433044,-2.107066757E-5,286.0433044,0.4133871496,286.0433044,0.3984342813,286.0433044,0.7790232897,286.0433044,1.576676846,
284.9449463,-0.0001449889824,284.9449463,0.4210263193,284.9449463,0.405446887,284.9449463,0.7935531139,284.9449463,1.614695549,
284.0033569,-0.0001166265138,284.0033569,0.423378855,284.0033569,0.4079997241,284.0033569,0.7990303636,284.0033569,1.624631643,
283.0617065,-0.000513325911,283.0617065,0.4250470102,283.0617065,0.4099932015,283.0617065,0.8019990325,283.0617065,1.622591138,
281.9629822,-7.687452307E-5,281.9629822,0.4283847809,281.9629822,0.4128509164,281.9629822,0.8081737757,281.9629822,1.638161182,
281.0211182,0.0006928467192,281.0211182,0.4294744432,281.0211182,0.4132497311,281.0211182,0.8089659214,281.0211182,1.644845963,
279.9221191,0.0001693272352,279.9221191,0.4276921153,279.9221191,0.412089169,279.9221191,0.808662653,279.9221191,1.64452529,
278.9800415,-0.0001132104662,278.9800415,0.4256814122,278.9800415,0.4101973176,278.9800415,0.8020700812,278.9800415,1.62859714,
278.0378723,0.0004759153235,278.0378723,0.4212538302,278.0378723,0.4063108861,278.0378723,0.7940312624,278.0378723,1.612755895,
276.9385376,0.0003592127759,276.9385376,0.4170956314,276.9385376,0.4009402096,276.9385376,0.7832277417,276.9385376,1.598447084,
275.9961548,-3.991432823E-5,275.9961548,0.4084427357,275.9961548,0.3958700299,275.9961548,0.7714195848,275.9961548,1.567901611,
275.0536804,-9.198898624E-5,275.0536804,0.4024910331,275.0536804,0.3896228373,275.0536804,0.7578839064,275.0536804,1.534739852,
273.9539795,-0.000165379839,273.9539795,0.3912102282,273.9539795,0.379460305,273.9539795,0.7377595901,273.9539795,1.50512743,
273.0112915,-0.0009623569204,273.0112915,0.3836417198,273.0112915,0.3722349107,273.0112915,0.7248206139,273.0112915,1.47832489,
272.068512,-0.0004689557827,272.068512,0.3769143224,272.068512,0.3641510606,272.068512,0.7112426758,272.068512,1.444729686,
270.9684753,-0.0007682886207,270.9684753,0.3687260747,270.9684753,0.357509315,270.9684753,0.69787395,270.9684753,1.421409369,
270.0254822,0.0001101069793,270.0254822,0.3606111109,270.0254822,0.3502909243,270.0254822,0.6824939847,270.0254822,1.390725851,
268.9252014,-0.0003309036547,268.9252014,0.3479480147,268.9252014,0.3380948007,268.9252014,0.6576641202,268.9252014,1.337572336,
267.9820251,-0.001001924626,267.9820251,0.3382168114,267.9820251,0.3298617005,267.9820251,0.6403517723,267.9820251,1.296996832,
267.0387573,-0.001146941097,267.0387573,0.3324279189,267.0387573,0.3229973912,267.0387573,0.6273956299,267.0387573,1.280550003,
265.9381409,-0.0008574281819,265.9381409,0.3215713799,265.9381409,0.3124933541,265.9381409,0.6085572243,265.9381409,1.241786718,
264.9946594,-7.454519073E-5,264.9946594,0.3116627634,264.9946594,0.3037991524,264.9946594,0.5888620019,264.9946594,1.205545425,
264.0510864,-0.0002984661842,264.0510864,0.3020954728,264.0510864,0.2949382663,264.0510864,0.5705561042,264.0510864,1.167941809,
262.9501343,-0.0002863596892,262.9501343,0.2935644984,262.9501343,0.2865729332,262.9501343,0.5561913848,262.9501343,1.139428496,
262.0063477,0.0004351021489,262.0063477,0.2902353704,262.0063477,0.2835256457,262.0063477,0.5482379794,262.0063477,1.119137049,
261.0625,-0.001367884339,261.0625,0.284994483,261.0625,0.2789531052,261.0625,0.5409353375,261.0625,1.104587317,
259.9612122,-0.0004798677401,259.9612122,0.2796071768,259.9612122,0.2738078535,259.9612122,0.5299612284,259.9612122,1.080958962,
259.0171509,-0.0008517444949,259.0171509,0.2701837718,259.0171509,0.2649326921,259.0171509,0.5110318065,259.0171509,1.037120938,
258.072998,-0.0007176388172,258.072998,0.2619541883,258.072998,0.2576740384,258.072998,0.4967209995,258.072998,1.016389847,
256.9713745,-0.0006760809338,256.9713745,0.2555387616,256.9713745,0.2515140176,256.9713745,0.4876603186,256.9713745,0.9985211492,
256.0270386,-0.000995829585,256.0270386,0.254974246,256.0270386,0.253159523,256.0270386,0.4844534695,256.0270386,0.990416348,
254.9252014,-0.0008896689978,254.9252014,0.2541565299,254.9252014,0.2510012984,254.9252014,0.4833408594,254.9252014,0.9910066724,
253.9806671,-0.0005256328732,253.9806671,0.2562482357,253.9806671,0.2520424724,253.9806671,0.4870211184,253.9806671,0.9931365252,
253.0360413,-7.288876805E-5,253.0360413,0.2561962306,253.0360413,0.2533550262,253.0360413,0.4861452878,253.0360413,0.9958821535,
251.9338837,-0.0004327013157,251.9338837,0.2588059902,251.9338837,0.2556607425,251.9338837,0.4936908484,251.9338837,1.013316751,
250.9890747,0.0003301974793,250.9890747,0.2663476467,250.9890747,0.2634890676,250.9890747,0.50263834,250.9890747,1.034053206,
250.0441742,-0.0007552649477,250.0441742,0.2752253413,250.0441742,0.2718392909,250.0441742,0.5238541365,250.0441742,1.069178224,
248.947998,0.000655513024,248.947998,0.2902689576,248.947998,0.2838982046,248.947998,0.5490780473,248.947998,1.118598104,
248.0085449,-0.000523978204,248.0085449,0.3057341278,248.0085449,0.2951093614,248.0085449,0.5689771771,248.0085449,1.168676138,
247.0690155,-0.0005951763596,247.0690155,0.3233859837,247.0690155,0.3109813929,247.0690155,0.6046521068,247.0690155,1.230286837,
245.9727936,-0.0009207708063,245.9727936,0.3529058397,245.9727936,0.3417829573,245.9727936,0.6687973142,245.9727936,1.368591309,
245.0330658,-0.0004600605171,245.0330658,0.3850596547,245.0330658,0.37530756,245.0330658,0.7258750796,245.0330658,1.493958473,
243.9366302,-0.0006662077503,243.9366302,0.4334788322,243.9366302,0.4212174416,243.9366302,0.8171654344,243.9366302,1.656914949,
242.9967346,0.0002829481382,242.9967346,0.4749945402,242.9967346,0.4612662196,242.9967346,0.9067810178,242.9967346,1.838236213,
242.0567474,1.972555583E-5,242.0567474,0.5462629795,242.0567474,0.5264533162,242.0567474,1.02839303,242.0567474,2.038813591,
240.9600067,-2.826655691E-5,240.9600067,0.6363297105,240.9600067,0.6093556285,240.9600067,1.193781257,240.9600067,2.285981655,
240.0198364,0.0004072736483,240.0198364,0.7468721867,240.0198364,0.7123232484,240.0198364,1.382416725,240.0198364,2.929757118,
238.9228821,-0.0005370088038,238.9228821,0.907730937,238.9228821,0.8521615267,238.9228821,1.639452338,238.9228821,2.843281269,
237.9825439,-0.0003039501898,237.9825439,1.050511122,237.9825439,0.9960982203,237.9825439,1.868601561,237.9825439,3.015482664,
237.0421143,-5.850189609E-6,237.0421143,1.195243359,237.0421143,1.133038521,237.0421143,2.060317993,237.0421143,3.164906025,
235.9448547,0.00156799634,235.9448547,1.406558633,235.9448547,1.313909411,235.9448547,2.357650757,235.9448547,10,
235.0042572,-0.0001475767203,235.0042572,1.578225493,235.0042572,1.532564044,235.0042572,2.44115591,235.0042572,3.733500004,
234.0635834,0.0009482538444,234.0635834,1.782333851,234.0635834,1.741045117,234.0635834,2.319943666,234.0635834,2.923428535,
232.9660187,0.00147689553,232.9660187,2.095034838,232.9660187,1.964456081,232.9660187,2.834922552,232.9660187,10,
232.025177,0.001136455918,232.025177,2.139281034,232.025177,2.041392088,232.025177,2.942037821,232.025177,2.707963467,
230.9274139,0.0005936083617,230.9274139,2.360978127,230.9274139,2.262465954,230.9274139,2.755129337,230.9274139,2.962579966,
229.9863892,0.000171424821,229.9863892,2.188703299,229.9863892,2.080951929,229.9863892,10,229.9863892,3.143853188,
229.0452728,0.0009482797468,229.0452728,2.724208117,229.0452728,2.626898289,229.0452728,3.416363001,229.0452728,3.213059902,
227.9472198,0.003757272149,227.9472198,2.773684025,227.9472198,2.861791372,227.9472198,2.963119268,227.9472198,3.361282587,
227.0059509,0.001815314637,227.0059509,2.804278851,227.0059509,2.790300608,227.0059509,2.86078167,227.0059509,3.410932779,
226.0646057,-0.002536341548,226.0646057,2.788866043,226.0646057,2.678902864,226.0646057,2.990982533,226.0646057,10,
224.9662628,0.01319620386,224.9662628,2.702105284,224.9662628,2.61396575,224.9662628,2.911220074,224.9662628,10,
224.0247345,0.004733374808,224.0247345,2.858324766,224.0247345,2.660364866,224.0247345,2.80633831,224.0247345,3.173264503,
222.9261932,0.01593505591,222.9261932,2.401270866,222.9261932,2.88838315,222.9261932,2.801593065,222.9261932,2.922617674,
221.9845123,-7.004178042E-5,221.9845123,2.613273859,221.9845123,2.416619062,221.9845123,2.903081894,221.9845123,10,
221.0427551,0.009333095513,221.0427551,2.110039473,221.0427551,2.235496759,221.0427551,2.353121519,221.0427551,3.213194609,
219.943924,0.05967195332,219.943924,2.118088007,219.943924,2.223530293,219.943924,2.591376305,219.943924,10,
219.0019989,-0.01110351831,219.0019989,1.634316802,219.0019989,1.644250154,219.0019989,2.067443371,219.0019989,2.231461048,
218.0599976,-0.03200256452,218.0599976,1.501845717,218.0599976,1.665176153,218.0599976,1.579573631,218.0599976,2.04395628,
216.960907,-0.03366775066,216.960907,1.267125368,216.960907,1.600759983,216.960907,1.401619673,216.960907,1.752312899,
216.0187378,0.002487009158,216.0187378,1.299496293,216.0187378,1.287855148,216.0187378,1.277964473,216.0187378,1.409338713,
215.0765076,0.01614698023,215.0765076,0.9976375699,215.0765076,1.117363691,215.0765076,1.085874677,215.0765076,1.265246868,
213.9771271,-0.04154901952,213.9771271,0.7550291419,213.9771271,0.8325226903,213.9771271,1.153176308,213.9771271,0.9036546946,
213.034729,-0.03887532279,213.034729,0.8392680883,213.034729,0.7696508765,213.034729,0.8793759346,213.034729,10,
211.9351807,-0.04923119769,211.9351807,0.7049723268,211.9351807,0.9813494086,211.9351807,0.669031322,211.9351807,0.7853682637,
210.9926147,0.01527220197,210.9926147,0.6897137165,210.9926147,0.9438422322,210.9926147,0.6299094558,210.9926147,0.8959724307,
210.0499878,0.09722606093,210.0499878,0.4446902573,210.0499878,0.4008499086,210.0499878,1.280062199,210.0499878,0.5338363051,
208.9501648,0.1540745497,208.9501648,0.5420136452,208.9501648,0.3732297421,208.9501648,1.064344406,208.9501648,0.490436554,
208.0073853,0.0471528396,208.0073853,0.473056525,208.0073853,0.5970384479,208.0073853,0.8763385415,208.0073853,0.4112519324,
207.0645294,0.09781455994,207.0645294,0.3702281713,207.0645294,0.2193851322,207.0645294,0.3005318642,207.0645294,0.5020035505,
205.9644318,-0.1965699047,205.9644318,0.8031252623,205.9644318,0.2729119658,205.9644318,0.7980028987,205.9644318,1.282817483,
205.0214233,-0.00914961379,205.0214233,0.5742918849,205.0214233,0.5930634737,205.0214233,0.4520017803,205.0214233,0.5302488804,
204.0783539,-0.08470303565,204.0783539,0.1548950523,204.0783539,0.3375591636,204.0783539,0.9060567021,204.0783539,0.9117195606,
202.9779968,-0.1244003251,202.9779968,0.1719296873,202.9779968,0.511062324,202.9779968,0.2947289944,202.9779968,0.8628951311,
202.0347748,-0.06256458163,202.0347748,0.2185183167,202.0347748,0.1755855978,202.0347748,0.4201427102,202.0347748,0.6578580737,
200.9342499,0.1855549663,200.9342499,0.3923317194,200.9342499,0.3830727339,200.9342499,0.4723114669,200.9342499,0.3688880205,
199.9907532,0.1407951862,199.9907532,0.1522556245,199.9907532,0.2375132293,199.9907532,0.6612210274,199.9907532,0.5343598127,

baseline,
baseline
Collection Time: 26/06/2019 13:25:02
Operator Name  :
Scan Software Version: 3.00(339)
Parameter List :
Instrument                        Cary 50
Instrument Version                3.00
Start (nm)                        800.0
Stop (nm)                         200.0
X Mode                            Nanometers
Y Mode                            Abs
UV-Vis Scan Rate (nm/min)         4800.00
UV-Vis Data Interval (nm)         1.00
UV-Vis Ave. Time (sec)            0.0125
Beam Mode                         Dual Beam
Baseline Correction               On
Baseline Type                     Baseline correction
Baseline File Name
Baseline Std Ref File Name
Cycle Mode                        Off
Comments
Method Log     :
Method Name    :
Date/Time stamp: 25/06/2019 14:37:30
Method Modifications:
Common Interval nm Changed: 26/06/2019 13:24:45, Old:     5.00, New:     1.00
Baseline Correction Changed: 26/06/2019 13:24:45, Old:0, New:1
Storage Changed: 26/06/2019 13:24:45, Old:1, New:0
End Method Modifications
<Current Wavelength> , 203.0

sample_5_in_1000,
sample_5_in_1000
Collection Time: 26/06/2019 13:26:29
Operator Name  :
Scan Software Version: 3.00(339)
Parameter List :
Instrument                        Cary 50
Instrument Version                3.00
Start (nm)                        800.0
Stop (nm)                         200.0
X Mode                            Nanometers
Y Mode                            Abs
UV-Vis Scan Rate (nm/min)         4800.00
UV-Vis Data Interval (nm)         1.00
UV-Vis Ave. Time (sec)            0.0125
Beam Mode                         Dual Beam
Baseline Correction               On
Baseline Type                     Baseline correction
Baseline File Name
Baseline Std Ref File Name
Cycle Mode                        Off
Comments
Method Log     :
Method Name    :
Date/Time stamp: 25/06/2019 14:37:30
Method Modifications:
Common Interval nm Changed: 26/06/2019 13:24:45, Old:     5.00, New:     1.00
Baseline Correction Changed: 26/06/2019 13:24:45, Old:0, New:1
Storage Changed: 26/06/2019 13:24:45, Old:1, New:0
End Method Modifications
<Current Wavelength> , 203.0

target5um,
target5um
Collection Time: 26/06/2019 13:50:18
Operator Name  :
Scan Software Version: 3.00(339)
Parameter List :
Instrument                        Cary 50
Instrument Version                3.00
Start (nm)                        800.0
Stop (nm)                         200.0
X Mode                            Nanometers
Y Mode                            Abs
UV-Vis Scan Rate (nm/min)         4800.00
UV-Vis Data Interval (nm)         1.00
UV-Vis Ave. Time (sec)            0.0125
Beam Mode                         Dual Beam
Baseline Correction               On
Baseline Type                     Baseline correction
Baseline File Name
Baseline Std Ref File Name
Cycle Mode                        Off
Comments
Method Log     :
Method Name    :
Date/Time stamp: 25/06/2019 14:37:30
Method Modifications:
Common Interval nm Changed: 26/06/2019 13:24:45, Old:     5.00, New:     1.00
Baseline Correction Changed: 26/06/2019 13:24:45, Old:0, New:1
Storage Changed: 26/06/2019 13:24:45, Old:1, New:0
End Method Modifications
<Current Wavelength> , 203.0

target10um,
target10um
Collection Time: 26/06/2019 13:50:38
Operator Name  :
Scan Software Version: 3.00(339)
Parameter List :
Instrument                        Cary 50
Instrument Version                3.00
Start (nm)                        800.0
Stop (nm)                         200.0
X Mode                            Nanometers
Y Mode                            Abs
UV-Vis Scan Rate (nm/min)         4800.00
UV-Vis Data Interval (nm)         1.00
UV-Vis Ave. Time (sec)            0.0125
Beam Mode                         Dual Beam
Baseline Correction               On
Baseline Type                     Baseline correction
Baseline File Name
Baseline Std Ref File Name
Cycle Mode                        Off
Comments
Method Log     :
Method Name    :
Date/Time stamp: 25/06/2019 14:37:30
Method Modifications:
Common Interval nm Changed: 26/06/2019 13:24:45, Old:     5.00, New:     1.00
Baseline Correction Changed: 26/06/2019 13:24:45, Old:0, New:1
Storage Changed: 26/06/2019 13:24:45, Old:1, New:0
End Method Modifications
<Current Wavelength> , 203.0

target20um,
target20um
Collection Time: 26/06/2019 13:51:00
Operator Name  :
Scan Software Version: 3.00(339)
Parameter List :
Instrument                        Cary 50
Instrument Version                3.00
Start (nm)                        800.0
Stop (nm)                         200.0
X Mode                            Nanometers
Y Mode                            Abs
UV-Vis Scan Rate (nm/min)         4800.00
UV-Vis Data Interval (nm)         1.00
UV-Vis Ave. Time (sec)            0.0125
Beam Mode                         Dual Beam
Baseline Correction               On
Baseline Type                     Baseline correction
Baseline File Name
Baseline Std Ref File Name
Cycle Mode                        Off
Comments
Method Log     :
Method Name    :
Date/Time stamp: 25/06/2019 14:37:30
Method Modifications:
Common Interval nm Changed: 26/06/2019 13:24:45, Old:     5.00, New:     1.00
Baseline Correction Changed: 26/06/2019 13:24:45, Old:0, New:1
Storage Changed: 26/06/2019 13:24:45, Old:1, New:0
End Method Modifications
<Current Wavelength> , 203.0

