blank,,workingstock,,workingstock1,,workingstock2,,workingstock_1in5,,
Wavelength (nm),Abs,Wavelength (nm),Abs,Wavelength (nm),Abs,Wavelength (nm),Abs,Wavelength (nm),Abs,
800.0101318,0.0007265275926,800.0101318,0.09807083011,800.0101318,0.0290439222,800.0101318,0.09601653367,800.0101318,0.01941246726,
799.0389404,-0.0007170703029,799.0389404,0.09654364735,799.0389404,0.02773390338,799.0389404,0.09280268103,799.0389404,0.01773460023,
798.0673218,0.001368155354,798.0673218,0.0992764309,798.0673218,0.02939987369,798.0673218,0.09707079083,798.0673218,0.02084780298,
796.9564209,0.0002273123973,796.9564209,0.09786836058,796.9564209,0.02680336311,796.9564209,0.09418067336,796.9564209,0.01760553941,
795.9840088,0.001218425692,795.9840088,0.09979534149,795.9840088,0.02893690951,795.9840088,0.09695327282,795.9840088,0.01981950924,
795.0111694,0.0004193479836,795.0111694,0.09921075404,795.0111694,0.02825903893,795.0111694,0.0960137248,795.0111694,0.01948296092,
794.0380249,0.0005696057924,794.0380249,0.09955901653,794.0380249,0.02811292,794.0380249,0.09570816904,794.0380249,0.01651472412,
793.0644531,-0.0002037265513,793.0644531,0.1006268188,793.0644531,0.027641505,793.0644531,0.09524143487,793.0644531,0.01866102405,
791.951355,0.0002788554993,791.951355,0.1011849791,791.951355,0.02681143023,791.951355,0.09641230851,791.951355,0.01977596991,
790.9769897,0.0006129720714,790.9769897,0.1020065546,790.9769897,0.0272817798,790.9769897,0.09635895491,790.9769897,0.01903785393,
790.0022583,0.001308953157,790.0022583,0.1012303755,790.0022583,0.02816409804,790.0022583,0.09834474325,790.0022583,0.01757386513,
789.0271606,0.001263674116,789.0271606,0.101560317,789.0271606,0.02853580378,789.0271606,0.09894379973,789.0271606,0.01952311397,
788.0516968,0.0001930745784,788.0516968,0.1004127115,788.0516968,0.02621580102,788.0516968,0.09933509678,788.0516968,0.01762745529,
786.9364014,-0.002517142799,786.9364014,0.1005737185,786.9364014,0.02592328005,786.9364014,0.09673640877,786.9364014,0.01777504943,
785.960144,0.0002170563093,785.960144,0.1035141945,785.960144,0.02682979591,785.960144,0.09941749275,785.960144,0.02017012052,
784.9835205,-0.0001449889824,784.9835205,0.1029498801,784.9835205,0.02744008228,784.9835205,0.0990267694,784.9835205,0.0185930673,
784.0064697,0.0005941267591,784.0064697,0.1019181311,784.0064697,0.02643373981,784.0064697,0.09815710783,784.0064697,0.01718284562,
783.0291138,9.534848505E-5,783.0291138,0.1021313742,783.0291138,0.02557367831,783.0291138,0.1001437157,783.0291138,0.01823581755,
782.0513306,-0.001069945865,782.0513306,0.1008713245,782.0513306,0.0268012695,782.0513306,0.09890177101,782.0513306,0.01747411676,
780.9334717,-0.000271407218,780.9334717,0.1028168872,780.9334717,0.02502901852,780.9334717,0.0997370705,780.9334717,0.01790872216,
779.9549561,0.001026425743,779.9549561,0.1053556427,779.9549561,0.02642446756,779.9549561,0.1007393897,779.9549561,0.01974787749,
778.9760132,0.0008052042103,778.9760132,0.1029824615,778.9760132,0.02559924126,778.9760132,0.09868325293,778.9760132,0.0198730249,
777.9967651,-0.0003634422028,777.9967651,0.1049483716,777.9967651,0.02575835958,777.9967651,0.09939422458,777.9967651,0.01820685156,
777.0170898,-0.0005471434561,777.0170898,0.1038358808,777.0170898,0.02610720322,777.0170898,0.09926306456,777.0170898,0.01826494746,
776.0371094,0.001069500344,776.0371094,0.1034922153,776.0371094,0.02661658451,776.0371094,0.1002408788,776.0371094,0.02031877078,
775.0567017,0.000965791347,775.0567017,0.1040586904,775.0567017,0.02638826706,775.0567017,0.1004670635,775.0567017,0.01989711449,
773.9358521,-0.0006804229924,773.9358521,0.1028404087,773.9358521,0.02534530498,773.9358521,0.1007040367,773.9358521,0.01768706366,
772.9547119,0.0003954328131,772.9547119,0.103714481,772.9547119,0.02534077689,772.9547119,0.1023402587,772.9547119,0.02006549016,
771.9731445,-0.0003716669744,771.9731445,0.1041215211,771.9731445,0.02440496534,771.9731445,0.1006011292,771.9731445,0.01834243722,
770.991272,-0.00183979969,770.991272,0.1040179953,770.991272,0.02431376465,770.991272,0.1002117917,770.991272,0.01842901669,
770.0090332,0.00100678415,770.0090332,0.1067171171,770.0090332,0.02570298873,770.0090332,0.1038738564,770.0090332,0.01986121014,
769.0264282,0.0007532355958,769.0264282,0.1048427448,769.0264282,0.02362699434,769.0264282,0.1016992033,769.0264282,0.019491788,
768.043396,0.002202387666,768.043396,0.1079409942,768.043396,0.02627008222,768.043396,0.1058945879,768.043396,0.02127867565,
767.0600586,-7.749567158E-5,767.0600586,0.1056458503,767.0600586,0.02427960001,767.0600586,0.1029579192,767.0600586,0.01926672272,
765.935791,-0.0004799711751,765.935791,0.1067985743,765.935791,0.02539401501,765.935791,0.1045771167,765.935791,0.01927078143,
764.9517212,0.001860755146,764.9517212,0.1096816957,764.9517212,0.02510555834,764.9517212,0.1053788364,764.9517212,0.01928109303,
763.9672241,-0.0006924667978,763.9672241,0.1060834154,763.9672241,0.02543713339,763.9672241,0.1044064239,763.9672241,0.01969204657,
762.9823608,0.001156051527,762.9823608,0.1085374877,762.9823608,0.02730253525,762.9823608,0.1057830453,762.9823608,0.02069033682,
761.9971924,0.0007075477042,761.9971924,0.1072727665,761.9971924,0.02484823763,761.9971924,0.1053815484,761.9971924,0.02049846388,
761.0116577,-0.0004106678534,761.0116577,0.106154412,761.0116577,0.02434650809,761.0116577,0.1040482596,761.0116577,0.01920308173,
760.0256958,-0.0006396886311,760.0256958,0.1094220877,760.0256958,0.02545091324,760.0256958,0.1053180024,760.0256958,0.0200955011,
759.0394287,0.0008192347595,759.0394287,0.1089109853,759.0394287,0.02513896488,759.0394287,0.1068019867,759.0394287,0.02024618909,
758.0527954,-0.001178437495,758.0527954,0.1073159799,758.0527954,0.02425031178,758.0527954,0.1057327539,758.0527954,0.01994242705,
757.0657959,-9.416294051E-5,757.0657959,0.1096112952,757.0657959,0.02747358568,757.0657959,0.1082113087,757.0657959,0.02138582803,
755.9373779,4.74256849E-5,755.9373779,0.1122101396,755.9373779,0.02674268186,755.9373779,0.1080111265,755.9373779,0.02089823969,
754.949646,-9.318848242E-6,754.949646,0.1117524654,754.949646,0.02557697333,754.949646,0.1078123003,754.949646,0.01993497461,
753.9615479,0.0002443805279,753.9615479,0.1108525172,753.9615479,0.02507404611,753.9615479,0.1078162789,753.9615479,0.02110662311,
752.9730835,0.0003783846623,752.9730835,0.1107761785,752.9730835,0.02356864139,752.9730835,0.1099677756,752.9730835,0.02133753709,
751.9842529,0.001482609776,751.9842529,0.1138034761,751.9842529,0.02699884214,751.9842529,0.1105189845,751.9842529,0.02229362167,
750.9950562,0.001037090202,750.9950562,0.1139742061,750.9950562,0.02563713491,750.9950562,0.1094635203,750.9950562,0.02147962525,
750.0055542,-8.50012002E-5,750.0055542,0.1141397133,750.0055542,0.02488875203,750.0055542,0.1095509231,750.0055542,0.02144522034,
749.015625,-0.0009776989464,749.015625,0.1132194921,749.015625,0.02476565726,749.015625,0.108837612,749.015625,0.02047984675,
748.0253906,0.001320896787,748.0253906,0.1138438135,748.0253906,0.0259611737,748.0253906,0.1123371571,748.0253906,0.02174965478,
747.03479,-7.376874419E-5,747.03479,0.1145476475,747.03479,0.0248842556,747.03479,0.1094850004,747.03479,0.02161229216,
746.0438843,-0.0009169477271,746.0438843,0.1134362742,746.0438843,0.02557115257,746.0438843,0.1101396307,746.0438843,0.0190747194,
745.0525513,0.0002942419087,745.0525513,0.1137233153,745.0525513,0.02610739507,745.0525513,0.1118955538,745.0525513,0.02140040323,
744.0609131,-0.0006971188122,744.0609131,0.1158281267,744.0609131,0.02612498961,744.0609131,0.1119941399,744.0609131,0.02149833925,
743.0689087,-4.938761776E-5,743.0689087,0.115152888,743.0689087,0.02614013664,743.0689087,0.1124495566,743.0689087,0.02173555642,
741.9347534,-0.001476869103,741.9347534,0.1141991094,741.9347534,0.02462583221,741.9347534,0.1100258976,741.9347534,0.02081486024,
740.9420166,7.026020467E-5,740.9420166,0.1170335189,740.9420166,0.02631185763,740.9420166,0.1134006456,740.9420166,0.02215734124,
739.9489136,-6.859240239E-5,739.9489136,0.1160142198,739.9489136,0.02481466159,739.9489136,0.1138743311,739.9489136,0.02249891311,
738.9554443,-0.0003574933507,738.9554443,0.1165953428,738.9554443,0.02456879802,738.9554443,0.1133549064,738.9554443,0.02267609909,
737.9616699,0.0008074864163,737.9616699,0.118933931,737.9616699,0.02710970305,737.9616699,0.1155796126,737.9616699,0.02255005948,
736.9675293,0.0006707572029,736.9675293,0.1199045926,736.9675293,0.02714976668,736.9675293,0.1158755422,736.9675293,0.02274682559,
735.9730225,-0.001282153069,735.9730225,0.1171473414,735.9730225,0.02598802373,735.9730225,0.115310818,735.9730225,0.02107200399,
734.9782104,-0.0008504010621,734.9782104,0.1176556796,734.9782104,0.02572446689,734.9782104,0.1130267605,734.9782104,0.01983519644,
733.9830322,-0.0009010870126,733.9830322,0.1187774017,733.9830322,0.02668710239,733.9830322,0.1157223806,733.9830322,0.02071099915,
732.9874878,-0.0003251095768,732.9874878,0.12002296,732.9874878,0.0272544641,732.9874878,0.1165107414,732.9874878,0.02238578908,
731.9915771,-2.780064096E-5,731.9915771,0.1206578612,731.9915771,0.02846719697,731.9915771,0.1172209084,731.9915771,0.02276510186,
730.9953613,-0.000125891107,730.9953613,0.1212966368,730.9953613,0.02946879528,730.9953613,0.1174019799,730.9953613,0.02236962691,
729.9987793,-0.0005618795985,729.9987793,0.1208804101,729.9987793,0.02860641293,729.9987793,0.117919676,729.9987793,0.02262253873,
729.0018921,0.002082697349,729.0018921,0.1222977862,729.0018921,0.02955246717,729.0018921,0.1182127967,729.0018921,0.02214140445,
728.0046387,0.0002385270345,728.0046387,0.1235129312,728.0046387,0.030481508,728.0046387,0.1197164431,728.0046387,0.02344250679,
727.007019,0.000819649722,727.007019,0.1231648922,727.007019,0.03111055121,727.007019,0.1204154491,727.007019,0.02321743406,
726.0090942,0.0006239115028,726.0090942,0.1232536584,726.0090942,0.03071215563,726.0090942,0.1199589819,726.0090942,0.02169250511,
725.0108032,0.0009374878136,725.0108032,0.1242720783,725.0108032,0.03110490553,725.0108032,0.1203306466,725.0108032,0.02409896813,
724.012146,-0.0007000133628,724.012146,0.1236458495,724.012146,0.03191760182,724.012146,0.1214442849,724.012146,0.02294117026,
723.0131836,-0.0002740976634,723.0131836,0.1249403208,723.0131836,0.03221460804,723.0131836,0.1218647957,723.0131836,0.02286634594,
722.013855,-0.0005964688607,722.013855,0.1238278225,722.013855,0.03047115169,722.013855,0.1214440465,722.013855,0.02144842967,
721.0142212,0.001007536543,721.0142212,0.1253713816,721.0142212,0.03270332515,721.0142212,0.1224587783,721.0142212,0.0228146445,
720.0142212,0.001021469827,720.0142212,0.1264599711,720.0142212,0.03309966996,720.0142212,0.1226436496,720.0142212,0.02367370948,
719.013916,0.0006435358082,719.013916,0.1259041429,719.013916,0.03320173174,719.013916,0.1228094101,719.013916,0.02361966856,
718.0131836,-0.0003691322927,718.0131836,0.1258026958,718.0131836,0.03218938038,718.0131836,0.1230304092,718.0131836,0.02294627391,
717.012207,-0.0008352612494,717.012207,0.1260959655,717.012207,0.03221594542,717.012207,0.1230921298,717.012207,0.02409623191,
716.0108643,-0.0001631544874,716.0108643,0.1270561814,716.0108643,0.03168475628,716.0108643,0.1231700853,716.0108643,0.02260868438,
715.0091553,0.001021833159,715.0091553,0.1281439364,715.0091553,0.03323892504,715.0091553,0.1240751743,715.0091553,0.02327918075,
714.0071411,0.0009183171787,714.0071411,0.128365308,714.0071411,0.03324764222,714.0071411,0.1247039288,714.0071411,0.02385454811,
713.0047607,-3.235625627E-5,713.0047607,0.130012393,713.0047607,0.03417174891,713.0047607,0.1260180771,713.0047607,0.02420465648,
712.0020752,-0.001033741515,712.0020752,0.1291806996,712.0020752,0.03342504799,712.0020752,0.125777632,712.0020752,0.02315897308,
710.9990234,6.446084444E-5,710.9990234,0.1289679706,710.9990234,0.0338537842,710.9990234,0.1263613105,710.9990234,0.02378593758,
709.9956665,-0.001116578351,709.9956665,0.1293364465,709.9956665,0.03252780437,709.9956665,0.1254002303,709.9956665,0.02320304327,
708.9919434,-0.0009504755726,708.9919434,0.1304094791,708.9919434,0.03354340792,708.9919434,0.1265840828,708.9919434,0.02395788021,
707.987915,0.0005004309933,707.987915,0.1315026879,707.987915,0.03422582895,707.987915,0.1278672516,707.987915,0.02507171594,
706.9835815,0.000613931159,706.9835815,0.1311973929,706.9835815,0.03485376015,706.9835815,0.128213197,706.9835815,0.0243789535,
705.9788208,0.0003750165633,705.9788208,0.1319873184,705.9788208,0.03439394012,705.9788208,0.1281369776,705.9788208,0.02365490235,
704.9738159,-0.0001104672629,704.9738159,0.1316156089,704.9738159,0.03473543748,704.9738159,0.1282427907,704.9738159,0.02458326146,
703.9684448,-0.0001808017405,703.9684448,0.1321683377,703.9684448,0.03474225104,703.9684448,0.12892735,703.9684448,0.02424215339,
702.9627075,-0.0003441469744,702.9627075,0.1325478703,702.9627075,0.03476863727,702.9627075,0.1292665452,702.9627075,0.0245370511,
701.956665,-6.942061736E-5,701.956665,0.1340347081,701.956665,0.03484668955,701.956665,0.1293379515,701.956665,0.02460131422,
700.9503174,-0.0002373612224,700.9503174,0.1333322823,700.9503174,0.03471821919,700.9503174,0.1303599626,700.9503174,0.0248056706,
699.9436035,0.0002674844,699.9436035,0.1342898458,699.9436035,0.03517214954,699.9436035,0.1309751719,699.9436035,0.0247420352,
698.9365845,0.0006185713573,698.9365845,0.134408325,698.9365845,0.03501647338,698.9365845,0.1309649497,698.9365845,0.02532708272,
697.9292603,0.0006617350737,697.9292603,0.134720549,697.9292603,0.03479693457,697.9292603,0.1323874444,697.9292603,0.02543845028,
697.0655518,0.0006401915452,697.0655518,0.1347028315,697.0655518,0.03488136083,697.0655518,0.1312184334,697.0655518,0.02521533333,
696.0575562,0.0006948949886,696.0575562,0.137585327,696.0575562,0.03531223908,696.0575562,0.1318640709,696.0575562,0.02524542809,
695.0492554,-0.0001531143935,695.0492554,0.1352241039,695.0492554,0.03481359407,695.0492554,0.1316803843,695.0492554,0.02493938617,
694.0406494,-6.383010623E-5,694.0406494,0.1369733959,694.0406494,0.03490719572,694.0406494,0.1325080693,694.0406494,0.02522147819,
693.0316772,2.552431397E-5,693.0316772,0.1363741606,693.0316772,0.03428907692,693.0316772,0.1330104619,693.0316772,0.02541331016,
692.0223999,0.0004945740802,692.0223999,0.1374688596,692.0223999,0.0351386331,692.0223999,0.1336840242,692.0223999,0.02538301051,
691.0128174,-2.070828123E-5,691.0128174,0.1373740882,691.0128174,0.03508070856,691.0128174,0.1343128085,691.0128174,0.02639789507,
690.0028687,0.0004655238008,690.0028687,0.1384187043,690.0028687,0.03481073305,690.0028687,0.1344851255,690.0028687,0.02547317371,
688.9926147,-1.827510823E-5,688.9926147,0.1386053264,688.9926147,0.03522685915,688.9926147,0.1342672408,688.9926147,0.0259548258,
687.9819946,-0.0009957263246,687.9819946,0.137914747,687.9819946,0.03439649194,687.9819946,0.1347900629,687.9819946,0.02525387891,
686.9711304,0.00025632084,686.9711304,0.1401128471,686.9711304,0.03533706069,686.9711304,0.1356971264,686.9711304,0.02573660575,
685.9598389,-0.0002002076944,685.9598389,0.139090687,685.9598389,0.03537452221,685.9598389,0.1366503984,685.9598389,0.02619935758,
684.9483032,0.0006367954775,684.9483032,0.1416206956,684.9483032,0.03537786379,684.9483032,0.1364580393,684.9483032,0.0260803178,
683.9364624,0.0001914171444,683.9364624,0.1413769722,683.9364624,0.03528949618,683.9364624,0.1374313533,683.9364624,0.02646015026,
683.0688477,0.00114476122,683.0688477,0.1418122649,683.0688477,0.03579332307,683.0688477,0.1374301016,683.0688477,0.02617486008,
682.0563965,-0.0005820440711,682.0563965,0.1426017731,682.0563965,0.03471440449,682.0563965,0.1371098161,682.0563965,0.02731157839,
681.0435791,-2.681703518E-5,681.0435791,0.1421373934,681.0435791,0.03418547288,681.0435791,0.1379027665,681.0435791,0.02603051253,
680.0304565,-0.0002072971256,680.0304565,0.1424384862,680.0304565,0.03499944136,680.0304565,0.1375513971,680.0304565,0.02618063428,
679.0170288,1.359034559E-5,679.0170288,0.142583251,679.0170288,0.03525591642,679.0170288,0.1397662163,679.0170288,0.02645335533,
678.0032349,0.0009836149402,678.0032349,0.1446826607,678.0032349,0.03570672497,678.0032349,0.1398644,678.0032349,0.02746153623,
676.9891357,-0.0006333300262,676.9891357,0.1446312666,676.9891357,0.03556313738,676.9891357,0.1400957555,676.9891357,0.02633218281,
675.9747314,0.0001964671537,675.9747314,0.1447311491,675.9747314,0.0358691439,675.9747314,0.1399204582,675.9747314,0.02705509588,
674.960022,-0.000145403028,674.960022,0.1449074298,674.960022,0.03546015173,674.960022,0.140700087,674.960022,0.0261185281,
673.9450073,2.81130724E-5,673.9450073,0.145395577,673.9450073,0.03515078872,673.9450073,0.141915828,673.9450073,0.02725939825,
672.9296265,-0.0004506479017,672.9296265,0.1454887837,672.9296265,0.03495943174,672.9296265,0.1422165483,672.9296265,0.02663879655,
672.059082,-0.0006081531174,672.059082,0.1472228914,672.059082,0.03516760096,672.059082,0.1430311203,672.059082,0.02680052631,
671.0431519,0.0001326858619,671.0431519,0.1477271765,671.0431519,0.0354190059,671.0431519,0.1429886967,671.0431519,0.02706994489,
670.0268555,-0.001300219446,670.0268555,0.1465402693,670.0268555,0.03442087024,670.0268555,0.1435417682,670.0268555,0.02646367252,
669.0103149,-0.001541720703,669.0103149,0.1475203633,669.0103149,0.03444379196,669.0103149,0.14362517,669.0103149,0.02588618547,
667.9934082,0.0002066709712,667.9934082,0.1502566934,667.9934082,0.03541164845,667.9934082,0.1455642432,667.9934082,0.0278593041,
666.9761963,0.0002994744573,666.9761963,0.1492160708,666.9761963,0.03613302112,666.9761963,0.1453546584,666.9761963,0.02670339867,
665.9586792,0.0001143015907,665.9586792,0.1508954912,665.9586792,0.03612663597,665.9586792,0.1468434185,665.9586792,0.02813595347,
664.9407959,0.0001747136557,664.9407959,0.1503972858,664.9407959,0.03530406579,664.9407959,0.1461562216,664.9407959,0.02728409506,
664.0681152,-0.0002235454449,664.0681152,0.1514347345,664.0681152,0.03486817703,664.0681152,0.1469860971,664.0681152,0.02786242217,
663.0497437,-8.199900913E-5,663.0497437,0.1514743268,663.0497437,0.03499809653,663.0497437,0.1473398954,663.0497437,0.02795702219,
662.0310059,0.0001224837906,662.0310059,0.1524819881,662.0310059,0.03578877077,662.0310059,0.1482760757,662.0310059,0.02826409414,
661.0119629,6.187186955E-5,661.0119629,0.153229624,661.0119629,0.03496484831,661.0119629,0.1486916393,661.0119629,0.0278180968,
659.9925537,0.0001445972011,659.9925537,0.1535765976,659.9925537,0.03588969633,659.9925537,0.149382174,659.9925537,0.02860854194,
658.9729004,-2.32967468E-5,658.9729004,0.1545648426,658.9729004,0.03501125425,658.9729004,0.1507100612,658.9729004,0.02817354351,
657.9529419,-0.001251386828,657.9529419,0.1544074565,657.9529419,0.03474152088,657.9529419,0.150076732,657.9529419,0.02738667466,
656.9326172,6.857734115E-5,656.9326172,0.1552176625,656.9326172,0.03527820855,656.9326172,0.1516224295,656.9326172,0.02848027088,
656.0578613,-0.0002420181263,656.0578613,0.1565850377,656.0578613,0.03499293327,656.0578613,0.1523834765,656.0578613,0.02851883136,
655.0369873,-0.0007035281742,655.0369873,0.1557603478,655.0369873,0.03538339585,655.0369873,0.1523887068,655.0369873,0.02819042094,
654.0158081,6.005959949E-5,654.0158081,0.1566841006,654.0158081,0.0355642885,654.0158081,0.1532569677,654.0158081,0.02892971598,
652.9943237,-0.0002330147399,652.9943237,0.1570933759,652.9943237,0.03470209613,652.9943237,0.1530923545,652.9943237,0.02901450172,
651.9725342,0.0003200425708,651.9725342,0.1587167382,651.9725342,0.03601730242,651.9725342,0.1548317522,651.9725342,0.02972917445,
650.9504395,-0.0005601216108,650.9504395,0.1578049213,650.9504395,0.03435751796,650.9504395,0.154406935,650.9504395,0.02893757448,
649.9280396,-0.0002122130827,649.9280396,0.1592228711,649.9280396,0.0349439159,649.9280396,0.1558996439,649.9280396,0.02914284728,
649.0514526,0.0004439641198,649.0514526,0.1599965096,649.0514526,0.03632697836,649.0514526,0.1560940295,649.0514526,0.02929795347,
648.0284424,0.001252458896,648.0284424,0.1618199199,648.0284424,0.03598577902,648.0284424,0.1564615071,648.0284424,0.02931238152,
647.005188,-0.0007269939524,647.005188,0.1608476937,647.005188,0.03569922224,647.005188,0.1566319317,647.005188,0.02985878475,
645.9815674,4.672668729E-5,645.9815674,0.160508588,645.9815674,0.03541276976,645.9815674,0.1575542241,645.9815674,0.0294900164,
644.9577026,0.0008256406873,644.9577026,0.161297515,644.9577026,0.03593279794,644.9577026,0.1581213623,644.9577026,0.02964640968,
643.9334717,-0.0006240762887,643.9334717,0.1619474292,643.9334717,0.03535315022,643.9334717,0.1577014476,643.9334717,0.02914957516,
643.0553589,0.0005680246977,643.0553589,0.1631700099,643.0553589,0.03511668742,643.0553589,0.1579804122,643.0553589,0.02965026163,
642.0306396,-0.0009468077915,642.0306396,0.1631085873,642.0306396,0.03560272604,642.0306396,0.1593164057,642.0306396,0.03061198257,
641.0055542,-0.0004105644184,641.0055542,0.1634762436,641.0055542,0.0356487222,641.0055542,0.1595535725,641.0055542,0.02987012453,
639.9801636,-6.590067642E-5,639.9801636,0.1650134176,639.9801636,0.03594410419,639.9801636,0.1591807306,639.9801636,0.03113343753,
638.9545288,-0.0001489740825,638.9545288,0.1645057201,638.9545288,0.03573095426,638.9545288,0.1597938687,638.9545288,0.02990428917,
637.9285278,0.0006061544991,637.9285278,0.1661455333,637.9285278,0.03554875404,637.9285278,0.1603628099,637.9285278,0.02990883589,
637.0488892,-0.0003843400627,637.0488892,0.1649392694,637.0488892,0.03519757837,637.0488892,0.1605614871,637.0488892,0.02956352197,
636.0223999,0.0003190840944,636.0223999,0.1661847085,636.0223999,0.03542717919,636.0223999,0.1624717116,636.0223999,0.03035224043,
634.9955444,-0.0009516120772,634.9955444,0.1661249697,634.9955444,0.03487771377,634.9955444,0.1617461741,634.9955444,0.03032756224,
633.9684448,-0.0001754196564,633.9684448,0.1672810018,633.9684448,0.03552976251,633.9684448,0.1634058654,633.9684448,0.03078109026,
632.940979,0.0003601195349,632.940979,0.1695928425,632.940979,0.03506027535,632.940979,0.1639888287,632.940979,0.03211236,
632.0601196,0.0001435355225,632.0601196,0.1703213155,632.0601196,0.03623140976,632.0601196,0.1649515778,632.0601196,0.03148456663,
631.0321045,0.0002063083957,631.0321045,0.1701021641,631.0321045,0.03571760282,631.0321045,0.1658990532,631.0321045,0.03177434206,
630.0038452,-5.601362136E-5,630.0038452,0.1708101779,630.0038452,0.03533217311,630.0038452,0.1659379601,630.0038452,0.03120900318,
628.9752808,5.343192606E-5,628.9752808,0.1709210128,628.9752808,0.03516274318,628.9752808,0.1666798145,628.9752808,0.03260330483,
627.9464111,1.232189607E-5,627.9464111,0.1714929342,627.9464111,0.03589883074,627.9464111,0.1680178046,627.9464111,0.03209463507,
627.06427,0.0001061713338,627.06427,0.171551764,627.06427,0.03598591685,627.06427,0.1672567278,627.06427,0.03145219758,
626.0348511,0.0004068590933,626.0348511,0.1726882905,626.0348511,0.0353343375,626.0348511,0.1679326594,626.0348511,0.03129303828,
625.005127,-0.0003851676884,625.005127,0.1717679948,625.005127,0.03549164161,625.005127,0.1676980257,625.005127,0.03185417131,
623.9750977,-0.001034412999,623.9750977,0.1722137481,623.9750977,0.03480930254,623.9750977,0.1667689383,623.9750977,0.03058417886,
622.9448242,0.0001026758837,622.9448242,0.1737827212,622.9448242,0.03631487489,622.9448242,0.1697153896,622.9448242,0.03297081962,
622.0614624,0.0002809018188,622.0614624,0.1727970243,622.0614624,0.03483726457,622.0614624,0.1683052331,622.0614624,0.03236808255,
621.0306396,0.0007615854265,621.0306396,0.1741720587,621.0306396,0.03676842153,621.0306396,0.1700879186,621.0306396,0.03203042224,
619.9994507,-0.0006906059571,619.9994507,0.1732804477,619.9994507,0.0353070423,619.9994507,0.1694217026,619.9994507,0.03238849714,
618.9680176,-0.000300794316,618.9680176,0.175137639,618.9680176,0.03532973304,618.9680176,0.1707980186,618.9680176,0.03276794404,
617.9362793,0.000498254085,617.9362793,0.1756627113,617.9362793,0.03626126796,617.9362793,0.1715418845,617.9362793,0.03277165443,
617.0517578,-0.0007341781748,617.0517578,0.1775819212,617.0517578,0.03552597016,617.0517578,0.1714031547,617.0517578,0.0321537815,
616.0194702,-0.0002825310803,616.0194702,0.1770536005,616.0194702,0.03581350669,616.0194702,0.1725968719,616.0194702,0.03246618062,
614.9868774,0.000216641929,614.9868774,0.1783856452,614.9868774,0.0358263813,614.9868774,0.1728067249,614.9868774,0.03327503055,
613.9540405,0.0006359659601,613.9540405,0.1794567853,613.9540405,0.03574922308,613.9540405,0.1744628251,613.9540405,0.0331559889,
613.0685425,-5.171708472E-5,613.0685425,0.1809500456,613.0685425,0.03597649932,613.0685425,0.1756651103,613.0685425,0.03357503563,
612.0351563,-0.0004039438209,612.0351563,0.1808424294,612.0351563,0.0363741219,612.0351563,0.1759038568,612.0351563,0.03384234011,
611.0014648,0.0009091082611,611.0014648,0.1817492545,611.0014648,0.03576316312,611.0014648,0.1775836349,611.0014648,0.03439167142,
609.9674683,-0.0006243347307,609.9674683,0.1821586043,609.9674683,0.03538741171,609.9674683,0.1777335554,609.9674683,0.03373382986,
608.9332275,0.0003872714005,608.9332275,0.1846964806,608.9332275,0.03597959131,608.9332275,0.1792129129,608.9332275,0.0346650295,
608.0465088,0.0003515960707,608.0465088,0.1855513901,608.0465088,0.03619621322,608.0465088,0.180614844,608.0465088,0.03474732488,
607.0117188,0.0002985678148,607.0117188,0.1860372722,607.0117188,0.03629773855,607.0117188,0.1819308698,607.0117188,0.03464632854,
605.9766235,-0.0005193760153,605.9766235,0.186640501,605.9766235,0.03553355485,605.9766235,0.1821841896,605.9766235,0.0355681926,
604.9412842,6.772297638E-5,604.9412842,0.189112559,604.9412842,0.03617139533,604.9412842,0.1836515963,604.9412842,0.03531358764,
604.0535889,-0.0003405258176,604.0535889,0.1896564364,604.0535889,0.03548068553,604.0535889,0.1854469925,604.0535889,0.03503881022,
603.0177002,-0.0003749257885,603.0177002,0.1918188184,603.0177002,0.03501548991,603.0177002,0.1866364032,603.0177002,0.03518312424,
601.9815674,0.0005002755206,601.9815674,0.1943577826,601.9815674,0.03605974466,601.9815674,0.1889198571,601.9815674,0.03618661687,
600.9450684,0.0004563245166,600.9450684,0.1946773827,600.9450684,0.03635430709,600.9450684,0.1892799139,600.9450684,0.03666326404,
600.0564575,0.0007555434131,600.0564575,0.196792677,600.0564575,0.03597045317,600.0564575,0.1919655949,600.0564575,0.0364898257,
599.0194702,1.837907689E-6,599.0194702,0.1989890337,599.0194702,0.03619382158,599.0194702,0.1941016763,599.0194702,0.03708131239,
597.9822388,-4.612634439E-5,597.9822388,0.201232776,597.9822388,0.03638783097,597.9822388,0.1959349662,597.9822388,0.03794759512,
596.9446411,-0.0003828399931,596.9446411,0.2026535869,596.9446411,0.03572538868,596.9446411,0.1976751387,596.9446411,0.03716023266,
596.0551147,-0.0001894957095,596.0551147,0.2045591474,596.0551147,0.03610590473,596.0551147,0.1996177435,596.0551147,0.03821003065,
595.0170288,0.0003846027539,595.0170288,0.2076710612,595.0170288,0.03605327755,595.0170288,0.2024906874,595.0170288,0.03935667872,
593.9786987,-0.0001876327296,593.9786987,0.2106268108,593.9786987,0.03607437015,593.9786987,0.2056872249,593.9786987,0.04052228108,
592.9400635,0.0002324146335,592.9400635,0.2138245106,592.9400635,0.03654163331,592.9400635,0.2083318383,592.9400635,0.03999040276,
592.0495605,-0.0007371758693,592.0495605,0.2164117396,592.0495605,0.03603271767,592.0495605,0.2118536979,592.0495605,0.03991777822,
591.010437,-0.0003813916701,591.010437,0.2196784914,591.010437,0.03596460074,591.010437,0.2146171927,591.010437,0.04131551459,
589.9710083,8.934166544E-5,589.9710083,0.224083215,589.9710083,0.03641955554,589.9710083,0.2192871124,589.9710083,0.04187262058,
588.9312744,0.000423960184,588.9312744,0.2291580588,588.9312744,0.03663980216,588.9312744,0.2221626639,588.9312744,0.0420104973,
588.039917,-0.0004987432039,588.039917,0.232482776,588.039917,0.03516136855,588.039917,0.2271518856,588.039917,0.04257395118,
586.9996948,-0.000319522369,586.9996948,0.2381313592,586.9996948,0.03603600711,586.9996948,0.2329228818,586.9996948,0.04459293187,
585.9591675,-0.0004666802706,585.9591675,0.2444707006,585.9591675,0.03564105183,585.9591675,0.2387995422,585.9591675,0.04551432654,
585.0670776,0.0003800169216,585.0670776,0.2514894009,585.0670776,0.03706887737,585.0670776,0.2455884367,585.0670776,0.04739779606,
584.026062,0.0003868050117,584.026062,0.2574494779,584.026062,0.0362746045,584.026062,0.2518883348,584.026062,0.04802055657,
582.9848022,0.0004613258061,582.9848022,0.264236033,582.9848022,0.03612117842,582.9848022,0.2587890327,582.9848022,0.04937760159,
581.9432373,-0.0003137281456,581.9432373,0.2713516355,581.9432373,0.03609979898,581.9432373,0.2650665939,581.9432373,0.05016141757,
581.0502319,-0.0002774089517,581.0502319,0.2804215848,581.0502319,0.03628836572,581.0502319,0.2747644186,581.0502319,0.05207628012,
580.0081787,-6.109045444E-6,580.0081787,0.2878200412,580.0081787,0.0360390991,580.0081787,0.2828767002,580.0081787,0.05331903696,
578.9658203,-5.735951709E-5,578.9658203,0.2943401039,578.9658203,0.03606081381,578.9658203,0.2893236876,578.9658203,0.05438972637,
578.0721436,-0.0001355695422,578.0721436,0.3005329967,578.0721436,0.03643945977,578.0721436,0.2946943045,578.0721436,0.0564237833,
577.0292969,-9.752737969E-5,577.0292969,0.3073402941,577.0292969,0.03610078618,577.0292969,0.3018868864,577.0292969,0.05664214864,
575.9862061,-0.001019847696,575.9862061,0.3131248653,575.9862061,0.03547316045,575.9862061,0.3081827462,575.9862061,0.05714988708,
574.9428101,-2.226187462E-6,574.9428101,0.3194167018,574.9428101,0.03600149974,574.9428101,0.3137347996,574.9428101,0.05906744301,
574.0482178,0.0001094596664,574.0482178,0.3237132728,574.0482178,0.03651947156,574.0482178,0.3196388483,574.0482178,0.06050439924,
573.0043335,-0.001236570883,573.0043335,0.327595979,573.0043335,0.03550602496,573.0043335,0.3211407959,573.0043335,0.06074745208,
571.960144,-8.210253145E-5,571.960144,0.330570817,571.960144,0.03644080833,571.960144,0.3247387707,571.960144,0.06060647219,
571.0649414,-0.0002627666108,571.0649414,0.3334819376,571.0649414,0.035443414,571.0649414,0.3276110888,571.0649414,0.06132622436,
570.0202637,-0.000197775531,570.0202637,0.3341760039,570.0202637,0.03608694673,570.0202637,0.3282547891,570.0202637,0.06163157523,
568.9753418,0.0002349269198,568.9753418,0.3352130949,568.9753418,0.03625341505,568.9753418,0.3292738795,568.9753418,0.06286066771,
567.9301147,-0.0011967147,567.9301147,0.3330739141,567.9301147,0.03545242921,567.9301147,0.3270680904,567.9301147,0.0605482012,
567.0339966,0.0001125149938,567.0339966,0.332870096,567.0339966,0.03633997962,567.0339966,0.3279131651,567.0339966,0.06165878475,
565.9882813,0.0001422666974,565.9882813,0.3318701386,565.9882813,0.03642529622,565.9882813,0.3266098201,565.9882813,0.0617328696,
564.9423218,-0.0005303901271,564.9423218,0.3301635981,564.9423218,0.03625532985,564.9423218,0.3249202371,564.9423218,0.06084449217,
564.0455933,0.0002727684332,564.0455933,0.3285127878,564.0455933,0.0365438275,564.0455933,0.3235768974,564.0455933,0.06110042706,
562.9990845,-0.0003429571807,562.9990845,0.3275776505,562.9990845,0.03653653711,562.9990845,0.3211374283,562.9990845,0.06036153808,
561.9523926,-0.0002594552061,561.9523926,0.3241325319,561.9523926,0.03652324528,561.9523926,0.3189545274,561.9523926,0.0602594614,
561.0549927,2.992520967E-5,561.0549927,0.3227668703,561.0549927,0.03658998385,561.0549927,0.3163982332,561.0549927,0.0595728308,
560.0077515,-0.0009392654756,560.0077515,0.3200142682,560.0077515,0.03595560417,560.0077515,0.314604789,560.0077515,0.05914004892,
558.9602661,0.0001749985095,558.9602661,0.3205423057,558.9602661,0.03723606467,558.9602661,0.3144035041,558.9602661,0.05905095115,
558.0621948,-0.0004372526892,558.0621948,0.3182520568,558.0621948,0.03629419208,558.0621948,0.3126373291,558.0621948,0.05858154222,
557.0142212,0.0004079214123,557.0142212,0.3174854815,557.0142212,0.03666827828,557.0142212,0.3128913343,557.0142212,0.05880051851,
555.9659424,0.0002623299661,555.9659424,0.3167786896,555.9659424,0.0363849327,555.9659424,0.3109346032,555.9659424,0.05853980407,
555.0672607,-0.0003144006769,555.0672607,0.316187501,555.0672607,0.03587316349,555.0672607,0.3104319274,555.0672607,0.05831796676,
554.0185547,-0.0003798398538,554.0185547,0.3166244626,554.0185547,0.03587875888,554.0185547,0.310729593,554.0185547,0.05872293189,
552.9695435,-0.0003789605107,552.9695435,0.3172546029,552.9695435,0.0361821726,552.9695435,0.3115927577,552.9695435,0.06009622663,
552.0701904,0.0005751786521,552.0701904,0.3189118505,552.0701904,0.03601432219,552.0701904,0.3133385479,552.0701904,0.05930167809,
551.020752,0.0003615962632,551.020752,0.3213579357,551.020752,0.03683776036,551.020752,0.3155301213,551.020752,0.05944558978,
549.9710083,0.000341233419,549.9710083,0.3242274523,549.9710083,0.03701813519,549.9710083,0.3179602325,549.9710083,0.06043007597,
549.0710449,-0.0004967781133,549.0710449,0.326071918,549.0710449,0.03636004776,549.0710449,0.3199964762,549.0710449,0.06034607068,
548.020813,5.16455766E-5,548.020813,0.3289295435,548.020813,0.03629408032,548.020813,0.3225866258,548.020813,0.06055346876,
546.9703369,0.000144959733,546.9703369,0.331746161,546.9703369,0.03663416952,546.9703369,0.3261149526,546.9703369,0.06174787879,
546.0697021,-0.000117040574,546.0697021,0.3332422972,546.0697021,0.03564532101,546.0697021,0.3271943033,546.0697021,0.06148148328,
545.0187988,-0.0005296661984,545.0187988,0.3358597457,545.0187988,0.03504950181,545.0187988,0.329905659,545.0187988,0.06108561903,
543.9675903,0.0003829186899,543.9675903,0.3399053216,543.9675903,0.03582652286,543.9675903,0.3330464363,543.9675903,0.06206350401,
543.0663452,-0.0004875214363,543.0663452,0.341732949,543.0663452,0.03634878993,543.0663452,0.3361304402,543.0663452,0.06302399188,
542.0146484,0.0002242562623,542.0146484,0.3446983099,542.0146484,0.03665625304,542.0146484,0.3389025629,542.0146484,0.06435489655,
540.9627075,-0.0005153426318,540.9627075,0.3477290571,540.9627075,0.0358953476,540.9627075,0.3404138982,540.9627075,0.06405410171,
540.0608521,-0.0002274780709,540.0608521,0.3482810259,540.0608521,0.03660223261,540.0608521,0.3422731161,540.0608521,0.06421840936,
539.0084229,-0.001425166614,539.0084229,0.3493908644,539.0084229,0.03510697559,539.0084229,0.3434061408,539.0084229,0.06321222335,
537.9557495,-0.0001075687615,537.9557495,0.3517231047,537.9557495,0.03630218282,537.9557495,0.3456155062,537.9557495,0.06489063799,
537.0532837,-0.0001243383886,537.0532837,0.3525367677,537.0532837,0.03612492234,537.0532837,0.3460526466,537.0532837,0.06481354684,
536.0001221,-0.0007281827275,536.0001221,0.3520562947,536.0001221,0.03603499383,536.0001221,0.3460236788,536.0001221,0.0645166412,
534.9467163,9.060183402E-6,534.9467163,0.3528157473,534.9467163,0.03647754714,534.9467163,0.3463349044,534.9467163,0.06480269879,
534.0436401,-0.0002334286837,534.0436401,0.3525220752,534.0436401,0.03578865901,534.0436401,0.3463804722,534.0436401,0.06620476395,
532.9897461,-0.0003015703405,532.9897461,0.3518759608,532.9897461,0.03627069294,532.9897461,0.3458088636,532.9897461,0.06493837386,
531.9356689,-0.0002883774578,531.9356689,0.3510489464,531.9356689,0.03604413569,531.9356689,0.3447754681,531.9356689,0.06405127794,
531.0319214,-0.0002735802555,531.0319214,0.3499742448,531.0319214,0.03668639064,531.0319214,0.3439328671,531.0319214,0.06442949921,
529.977356,0.0003916241403,529.977356,0.3490653932,529.977356,0.03643292561,529.977356,0.3436305821,529.977356,0.06552297622,
529.0732422,-0.0002787024423,529.0732422,0.3474812806,529.0732422,0.03580810875,529.0732422,0.3414024711,529.0732422,0.06363574415,
528.0181885,8.610526857E-5,528.0181885,0.3461640179,528.0181885,0.03613442928,528.0181885,0.3399493694,528.0181885,0.06449387968,
526.9628906,-8.608819917E-5,526.9628906,0.3440597057,526.9628906,0.03595343977,526.9628906,0.3379324079,526.9628906,0.06366484612,
526.0581665,-7.765783607E-7,526.0581665,0.3418523073,526.0581665,0.03594665974,526.0581665,0.3356352448,526.0581665,0.06409463286,
525.0023804,0.0008929478354,525.0023804,0.340275377,525.0023804,0.03652806208,525.0023804,0.3339420557,525.0023804,0.06289232522,
523.9464111,0.000694143062,523.9464111,0.3389423192,523.9464111,0.03608655185,523.9464111,0.3318815529,523.9464111,0.06367812306,
523.0410767,0.0007647490711,523.0410767,0.3382283449,523.0410767,0.03645846248,523.0410767,0.3326995075,523.0410767,0.06337798387,
521.9846191,-0.0004473379231,521.9846191,0.3351745605,521.9846191,0.03623917699,521.9846191,0.3287432492,521.9846191,0.06144540012,
520.9279175,-0.0002390170121,520.9279175,0.3328620195,520.9279175,0.03662284836,520.9279175,0.3259754777,520.9279175,0.06146063656,
520.0219727,0.0001780542952,520.0219727,0.3314117789,520.0219727,0.03683680296,520.0219727,0.3249844909,520.0219727,0.06151327491,
518.9647827,0.0008400609368,518.9647827,0.3294722736,518.9647827,0.03675909713,518.9647827,0.3229989111,518.9647827,0.06067517027,
518.0584717,-0.0008567048353,518.0584717,0.3273032606,518.0584717,0.03611760587,518.0584717,0.321157515,518.0584717,0.05993524939,
517.0008545,-0.0009692789754,517.0008545,0.3255159855,517.0008545,0.03549672663,517.0008545,0.3187175095,517.0008545,0.0593704097,
515.9429932,6.808063063E-6,515.9429932,0.3247399032,515.9429932,0.03644244373,515.9429932,0.3186309338,515.9429932,0.06021782756,
515.0360718,-0.0001088109784,515.0360718,0.3233754337,515.0360718,0.03619536757,515.0360718,0.3169431686,515.0360718,0.06023903191,
513.9777222,-0.0006967569934,513.9777222,0.3224500716,513.9777222,0.03564557433,513.9777222,0.3154428005,513.9777222,0.05925465003,
513.0704346,-0.001232337556,513.0704346,0.3209503591,513.0704346,0.03569152206,513.0704346,0.3146617413,513.0704346,0.05871629342,
512.0116577,-0.0003364389995,512.0116577,0.3204012215,512.0116577,0.0361068882,512.0116577,0.3144742846,512.0116577,0.05904798582,
510.9526672,-0.0005488497554,510.9526672,0.3197560608,510.9526672,0.03616970778,510.9526672,0.3130310774,510.9526672,0.0588654317,
510.0447693,-0.001168988761,510.0447693,0.3185423017,510.0447693,0.03533472866,510.0447693,0.31177935,510.0447693,0.05803928524,
508.985321,-0.000144678459,508.985321,0.3184781969,508.985321,0.03614509106,508.985321,0.3121918738,508.985321,0.05876142532,
507.9256287,-0.0009231472504,507.9256287,0.3177154958,507.9256287,0.03545262665,507.9256287,0.3120511472,507.9256287,0.05845198408,
507.0171204,-0.0002127305488,507.0171204,0.3178496063,507.0171204,0.03611406311,507.0171204,0.311268419,507.0171204,0.05870847031,
505.9570007,-0.0006017940468,505.9570007,0.3174912632,505.9570007,0.03611321747,505.9570007,0.3110372126,505.9570007,0.05832951143,
505.0481262,-0.0001551327878,505.0481262,0.3178380728,505.0481262,0.03608807176,505.0481262,0.3113005161,505.0481262,0.05913070589,
503.9875488,0.0003870641231,503.9875488,0.317630738,503.9875488,0.03650888428,503.9875488,0.3116114736,503.9875488,0.05926176906,
502.9267273,-3.975902655E-5,502.9267273,0.3178038001,502.9267273,0.03627043962,502.9267273,0.3114433885,502.9267273,0.059342511,
502.0172729,-0.000390443689,502.0172729,0.3179167807,502.0172729,0.03653988615,502.0172729,0.3117809296,502.0172729,0.0600249432,
500.9560242,0.0006792609929,500.9560242,0.3180959225,500.9560242,0.03656728566,500.9560242,0.3113769889,500.9560242,0.05927417427,
500.0462036,0.0003469328512,500.0462036,0.3188158274,500.0462036,0.03653498739,500.0462036,0.3118847311,500.0462036,0.05930461735,
498.9844971,-0.0001357765577,498.9844971,0.3193359971,498.9844971,0.03629174456,498.9844971,0.3111357391,498.9844971,0.05908674747,
498.0742798,-0.0001227339235,498.0742798,0.3198705614,498.0742798,0.03606430069,498.0742798,0.3130257428,498.0742798,0.05922649428,
497.012146,0.000302712433,497.012146,0.3205162287,497.012146,0.03672486916,497.012146,0.3141908348,497.012146,0.06038506702,
495.9497986,3.590532287E-5,495.9497986,0.3208985925,495.9497986,0.03647456318,495.9497986,0.3149103224,495.9497986,0.05975196883,
495.0390015,0.0004082323285,495.0390015,0.3220219314,495.0390015,0.03646741435,495.0390015,0.314791292,495.0390015,0.05995355546,
493.9762268,-0.0002169737563,493.9762268,0.3226946592,493.9762268,0.03668568656,493.9762268,0.3159760237,493.9762268,0.05988990515,
493.0650635,-0.0001768686925,493.0650635,0.3239446282,493.0650635,0.03638343886,493.0650635,0.3168793023,493.0650635,0.05966883525,
492.0018311,-0.0002084355656,492.0018311,0.3250323534,492.0018311,0.03583273664,492.0018311,0.3180347681,492.0018311,0.05987561494,
490.9383545,-0.0003161596542,490.9383545,0.3260905147,490.9383545,0.03639123589,490.9383545,0.3191458881,490.9383545,0.06055293232,
490.0266418,-0.0006529742386,490.0266418,0.3267607093,490.0266418,0.03624514118,490.0266418,0.3200438619,490.0266418,0.06056614593,
488.9627686,-0.0007186725852,488.9627686,0.3267980218,488.9627686,0.03549869359,488.9627686,0.3204635084,488.9627686,0.06046396494,
488.0506592,-6.13971788E-5,488.0506592,0.3293473721,488.0506592,0.03632247448,488.0506592,0.3224834502,488.0506592,0.06120729074,
486.9863586,0.0002127312036,486.9863586,0.3319501877,486.9863586,0.03681229055,486.9863586,0.324059248,486.9863586,0.06170434505,
486.0738831,-0.0001654833468,486.0738831,0.331898272,486.0738831,0.03647757694,486.0738831,0.3250205517,486.0738831,0.06218864396,
485.0091553,-0.0002483824792,485.0091553,0.3330685794,485.0091553,0.03596100211,485.0091553,0.3264962435,485.0091553,0.06241653115,
483.9441833,5.684930875E-5,483.9441833,0.3352205753,483.9441833,0.03616672754,483.9441833,0.3284914196,483.9441833,0.06213571504,
483.0311584,-2.464274257E-5,483.0311584,0.336334765,483.0311584,0.03631960601,483.0311584,0.3297171295,483.0311584,0.06245156005,
481.9657593,-0.0002870840253,481.9657593,0.3380449116,481.9657593,0.03615831584,481.9657593,0.3312425017,481.9657593,0.06267046928,
481.0523682,-0.0001743328903,481.0523682,0.3401222825,481.0523682,0.03641485423,481.0523682,0.3337638676,481.0523682,0.06343492866,
479.9865417,-7.961793744E-5,479.9865417,0.3424028754,479.9865417,0.03623864427,479.9865417,0.3350010812,479.9865417,0.06349316984,
479.0728149,-0.0002461575496,479.0728149,0.344787389,479.0728149,0.03633088991,479.0728149,0.3373452425,479.0728149,0.06387396157,
478.0065918,-0.0001187485832,478.0065918,0.3472109735,478.0065918,0.0366147384,478.0065918,0.3395305276,478.0065918,0.06470681727,
476.9401245,0.0001336180285,476.9401245,0.3490914702,476.9401245,0.03681392223,476.9401245,0.3422062695,476.9401245,0.06517609954,
476.0258179,-0.0002739424526,476.0258179,0.3508960605,476.0258179,0.03634383902,476.0258179,0.3446448743,476.0258179,0.06516873091,
474.9589233,-0.0001191626507,474.9589233,0.3552791774,474.9589233,0.03658265993,474.9589233,0.3483062685,474.9589233,0.06563990563,
474.044281,-9.488759679E-5,474.044281,0.3581398129,474.044281,0.03643537685,474.044281,0.3507550955,474.044281,0.0665756911,
472.9769897,0.0002101672435,472.9769897,0.3612084985,472.9769897,0.0365104042,472.9769897,0.3546626568,472.9769897,0.0671723187,
472.0619812,-2.583342757E-5,472.0619812,0.3637702763,472.0619812,0.03631828353,472.0619812,0.3572138846,472.0619812,0.06774178147,
470.9942627,-6.186305836E-5,470.9942627,0.3675888777,470.9942627,0.03612610325,470.9942627,0.3605423272,470.9942627,0.06829272211,
469.9263306,-3.520349128E-5,469.9263306,0.3727938533,469.9263306,0.03652949631,469.9263306,0.3657474518,469.9263306,0.06956532598,
469.0108032,-5.813599273E-5,469.0108032,0.3772668839,469.0108032,0.03667562827,469.0108032,0.3700961769,469.0108032,0.07016699016,
467.9424438,-0.0002435704228,467.9424438,0.3820632398,467.9424438,0.03632089868,467.9424438,0.3748680651,467.9424438,0.07069369406,
467.0265503,0.0002831294551,467.0265503,0.3864431679,467.0265503,0.03684942797,467.0265503,0.3789539635,467.0265503,0.07188510895,
465.9577942,-0.0001303421741,465.9577942,0.3908528388,465.9577942,0.03633730859,465.9577942,0.3838684857,465.9577942,0.07235497236,
465.0415344,-0.0003163665824,465.0415344,0.3976487517,465.0415344,0.03667807952,465.0415344,0.3903777599,465.0415344,0.07402665913,
463.9723816,-0.0002428977605,463.9723816,0.4058865905,463.9723816,0.03600599989,463.9723816,0.3985026181,463.9723816,0.07539024949,
463.0557861,-0.000721670338,463.0557861,0.4116705656,463.0557861,0.03609639779,463.0557861,0.4037708342,463.0557861,0.07600452006,
461.9862061,-0.000440769596,461.9862061,0.4188477397,461.9862061,0.03577207401,461.9862061,0.4118274152,461.9862061,0.07700540125,
461.0692749,-0.0006466158084,461.0692749,0.4236256182,461.0692749,0.03502231091,461.0692749,0.4165839553,461.0692749,0.07803694159,
459.9992981,-0.0003854780225,459.9992981,0.4334295988,459.9992981,0.03576330468,459.9992981,0.4260341823,459.9992981,0.0805433318,
458.9291077,-9.747561853E-5,458.9291077,0.4444031119,458.9291077,0.03672317788,458.9291077,0.4373807311,458.9291077,0.08276165277,
458.0116272,0.0004880175111,458.0116272,0.4536500275,458.0116272,0.03650331125,458.0116272,0.4462158382,458.0116272,0.08458946645,
456.94104,-0.0005041213008,456.94104,0.4625884891,456.94104,0.03615198284,456.94104,0.4558011889,456.94104,0.08558636159,
456.0232239,-3.68082874E-5,456.0232239,0.4718507826,456.0232239,0.03665934876,456.0232239,0.4655239582,456.0232239,0.08794017881,
454.95224,0.0001437944738,454.95224,0.4831715524,454.95224,0.03652248532,454.95224,0.4767794013,454.95224,0.08977828175,
454.0340576,1.107933622E-5,454.0340576,0.4944578707,454.0340576,0.03682649136,454.0340576,0.4873919487,454.0340576,0.09195478261,
452.962677,0.0002025272552,452.962677,0.5077520609,452.962677,0.03663225472,452.962677,0.5022182465,452.962677,0.09461791068,
452.0441589,0.000428080064,452.0441589,0.5196391344,452.0441589,0.03593094274,452.0441589,0.5128358603,452.0441589,0.09604915231,
450.9723816,0.0001809806272,450.9723816,0.5360494852,450.9723816,0.03667160124,450.9723816,0.5296728015,450.9723816,0.09956478328,
450.0535583,-0.0001498021447,450.0535583,0.5480210185,450.0535583,0.03653115779,450.0535583,0.5398942828,450.0535583,0.1016472578,
448.9813538,0.0001225614687,448.9813538,0.5640262365,448.9813538,0.03639486805,448.9813538,0.5579261184,448.9813538,0.1047661975,
448.0621948,-6.978296733E-5,448.0621948,0.58322227,448.0621948,0.03653081879,448.0621948,0.5765661597,448.0621948,0.10836716,
446.989624,-0.0001914621826,446.989624,0.6013858318,446.989624,0.03652045876,446.989624,0.5949646235,446.989624,0.1118021235,
446.0700989,-0.0003678908397,446.0700989,0.619099915,446.0700989,0.03633381799,446.0700989,0.6132327318,446.0700989,0.1152810752,
444.9971313,0.0003536945442,444.9971313,0.6432796121,444.9971313,0.03684460744,444.9971313,0.6346893311,444.9971313,0.1196526811,
443.9239502,-0.0001462311047,443.9239502,0.6669142246,443.9239502,0.03659000993,443.9239502,0.6612081528,443.9239502,0.1245523095,
443.0039368,-0.0008248233353,443.0039368,0.692246139,443.0039368,0.03585975245,443.0039368,0.6857908964,443.0039368,0.128311038,
441.9303589,-0.0008566531469,441.9303589,0.722042501,441.9303589,0.03587853163,441.9303589,0.7155076861,441.9303589,0.1343258321,
441.0100098,-0.0003462162276,441.0100098,0.7498903275,441.0100098,0.03678929806,441.0100098,0.7437869906,441.0100098,0.1396831572,
439.9360657,-0.000703631551,439.9360657,0.7921359539,439.9360657,0.03587704152,439.9360657,0.7812722921,439.9360657,0.1471575648,
439.0153809,-0.0001973615435,439.0153809,0.8211506605,439.0153809,0.03598695993,439.0153809,0.8141260147,439.0153809,0.1526905149,
437.94104,-0.0006523022312,437.94104,0.8671852946,437.94104,0.03609400615,437.94104,0.8575963378,437.94104,0.161496982,
437.0200195,-0.0002688719542,437.0200195,0.9172040224,437.0200195,0.03679313138,437.0200195,0.9051434398,437.0200195,0.1706794649,
435.945282,-0.0007207916933,435.945282,0.972261548,435.945282,0.03644311801,435.945282,0.9584496617,435.945282,0.1802555174,
435.0239563,9.962062904E-5,435.0239563,1.025884867,435.0239563,0.03660645708,435.0239563,1.016737223,435.0239563,0.1904575974,
433.9488525,-0.0001430740667,433.9488525,1.091124415,433.9488525,0.03657339513,433.9488525,1.083212137,433.9488525,0.2020682842,
433.0271606,0.0002786482801,433.0271606,1.150872469,433.0271606,0.03634631261,433.0271606,1.143801093,433.0271606,0.2134253383,
431.9516907,-0.0002975349198,431.9516907,1.225408673,431.9516907,0.03643731773,431.9516907,1.213361144,431.9516907,0.2274031192,
431.0296936,0.0002514773223,431.0296936,1.303525925,431.0296936,0.03677997366,431.0296936,1.291810513,431.0296936,0.2415803522,
429.9538269,0.0004984873231,429.9538269,1.380388618,429.9538269,0.03645913675,429.9538269,1.372852325,429.9538269,0.2564485967,
429.0315247,3.119371104E-5,429.0315247,1.437558413,429.0315247,0.03677938133,429.0315247,1.437086701,429.0315247,0.2692573965,
427.9552917,-0.0006506480277,427.9552917,1.51861608,427.9552917,0.03628223017,427.9552917,1.516166806,427.9552917,0.2831884325,
427.0326538,-0.0003629249113,427.0326538,1.594853401,427.0326538,0.03626737371,427.0326538,1.588277221,427.0326538,0.29643628,
425.9560242,-4.177794472E-5,425.9560242,1.666269302,425.9560242,0.03676842153,425.9560242,1.664669633,425.9560242,0.3103767931,
425.0330811,1.90266037E-5,425.0330811,1.724866033,425.0330811,0.0363365747,425.0330811,1.731296182,425.0330811,0.3238225579,
423.9560852,-9.297244833E-5,423.9560852,1.795227528,423.9560852,0.03685844317,423.9560852,1.784676313,423.9560852,0.3337851465,
423.0328064,-0.0002880152897,423.0328064,1.826880217,423.0328064,0.03606019542,423.0328064,1.82107532,423.0328064,0.3400860727,
421.9554443,-2.164012949E-5,421.9554443,1.859438062,421.9554443,0.03609172627,421.9554443,1.857494831,421.9554443,0.3482232988,
421.0318604,-0.001624099677,421.0318604,1.881309867,421.0318604,0.03518065438,421.0318604,1.880913138,421.0318604,0.3515088558,
419.9541321,1.931136103E-5,419.9541321,1.88694334,419.9541321,0.03642591834,419.9541321,1.89623034,419.9541321,0.3547447622,
419.0302124,-0.0001647070603,419.0302124,1.901180744,419.0302124,0.03661735728,419.0302124,1.890802145,419.0302124,0.3541784286,
417.9521484,6.257089262E-5,417.9521484,1.875908017,417.9521484,0.03641150519,417.9521484,1.87502408,417.9521484,0.3512643278,
417.0278931,7.318580174E-5,417.0278931,1.857301474,417.0278931,0.03661383688,417.0278931,1.856554389,417.0278931,0.3486016691,
415.9494629,-7.62533673E-5,415.9494629,1.824938297,415.9494629,0.03650612757,415.9494629,1.820217609,415.9494629,0.3406458795,
415.0249023,0.0003823227889,415.0249023,1.785685778,415.0249023,0.03630263358,415.0249023,1.77033627,415.0249023,0.3332263529,
413.946106,-8.815866022E-5,413.946106,1.721642017,413.946106,0.03658496961,413.946106,1.73039484,413.946106,0.3234212101,
413.0212402,-0.0002932925127,413.0212402,1.685172319,413.0212402,0.03649190813,413.0212402,1.690418839,413.0212402,0.3171342611,
411.9420776,-0.000173608365,411.9420776,1.628675699,411.9420776,0.03699922189,411.9420776,1.626471519,411.9420776,0.3065377176,
411.0169067,0.0002216145367,411.0169067,1.58627212,411.0169067,0.03685047105,411.0169067,1.577968955,411.0169067,0.2959120572,
409.9373779,-0.0004162021796,409.9373779,1.520972371,409.9373779,0.03610840812,409.9373779,1.515047789,409.9373779,0.28538239,
409.0119019,0.0004924489767,409.0119019,1.469560385,409.0119019,0.0368697457,409.0119019,1.474139571,409.0119019,0.2763723135,
407.9320068,-1.553155357E-6,407.9320068,1.415066838,407.9320068,0.03702551872,407.9320068,1.415150166,407.9320068,0.2648988664,
407.0062256,0.0003127374221,407.0062256,1.380814195,407.0062256,0.03649182245,407.0062256,1.381201744,407.0062256,0.2586978078,
405.9259644,-0.0003255751799,405.9259644,1.331622481,405.9259644,0.03641139343,405.9259644,1.329467177,405.9259644,0.2482972294,
404.9998779,8.250641986E-5,404.9998779,1.290461898,404.9998779,0.03608106822,404.9998779,1.290162921,404.9998779,0.2402627915,
404.0736694,-0.0005824576947,404.0736694,1.2530756,404.0736694,0.03578789905,404.0736694,1.25739789,404.0736694,0.2325819135,
402.9928894,0.001040774863,402.9928894,1.219929099,402.9928894,0.03698611259,402.9928894,1.216042399,402.9928894,0.22879228,
402.0663452,7.181361434E-5,402.0663452,1.18824029,402.0663452,0.03680811822,402.0663452,1.190465331,402.0663452,0.2234873772,
400.9852295,-0.0002466232399,400.9852295,1.153767586,400.9852295,0.03611915559,400.9852295,1.157334328,400.9852295,0.2151781917,
400.0584106,-0.0002329629933,400.0584106,1.127592802,400.0584106,0.03661943972,400.0584106,1.124614239,400.0584106,0.2102096528,
398.9769287,-8.334482118E-5,398.9769287,1.101290822,398.9769287,0.03631417453,398.9769287,1.093870163,398.9769287,0.2037328184,
398.0498047,-0.0001491810981,398.0498047,1.076332092,398.0498047,0.03653684631,398.0498047,1.07396245,398.0498047,0.200565204,
396.9679871,0.0001611959451,396.9679871,1.052499533,396.9679871,0.03693366051,396.9679871,1.046605825,396.9679871,0.1955994517,
396.0405579,-4.126027488E-5,396.0405579,1.032280087,396.0405579,0.03671560064,396.0405579,1.023648024,396.0405579,0.1910993457,
394.958374,0.0009968728991,394.958374,1.009160399,394.958374,0.03706828505,394.958374,1.006683946,394.958374,0.1876544952,
394.0306702,0.00035410907,394.0306702,0.9875845909,394.0306702,0.03740212694,394.0306702,0.9814630151,394.0306702,0.1838357896,
392.9481506,-0.0003729601449,392.9481506,0.9662624598,392.9481506,0.03652856871,392.9481506,0.9591300488,392.9481506,0.1791483015,
392.0201111,0.0003620107891,392.0201111,0.9529921412,392.0201111,0.03620189428,392.0201111,0.9447797537,392.0201111,0.1765906066,
390.9372559,-0.0003837710829,390.9372559,0.9311865568,390.9372559,0.03626571223,390.9372559,0.928403914,390.9372559,0.1746358573,
390.0089417,1.017330487E-5,390.0089417,0.9159200191,390.0089417,0.03653994203,390.0089417,0.9121824503,390.0089417,0.1699091494,
388.9257507,-0.0002803580719,388.9257507,0.8997607827,388.9257507,0.03581676632,388.9257507,0.8922529817,388.9257507,0.165970847,
387.9971619,-0.0003439400753,387.9971619,0.8917112947,387.9971619,0.03556886688,387.9971619,0.8817641735,387.9971619,0.164685443,
387.0684204,-0.000157927454,387.0684204,0.8793770671,387.0684204,0.03659459949,387.0684204,0.8735836744,387.0684204,0.1628398597,
385.9847107,0.001280523371,385.9847107,0.8683209419,385.9847107,0.03696091473,385.9847107,0.8605659008,385.9847107,0.1614333093,
385.0556946,0.0003493421827,385.0556946,0.8595988154,385.0556946,0.03701664135,385.0556946,0.8518124819,385.0556946,0.1592855752,
383.9716492,0.0006269185687,383.9716492,0.8483904004,383.9716492,0.03637930378,383.9716492,0.842577219,383.9716492,0.1568968743,
383.0423279,-0.0001003741854,383.0423279,0.8412957191,383.0423279,0.03610224649,383.0423279,0.8380877376,383.0423279,0.1562444568,
381.9579468,-0.0004857631866,381.9579468,0.8377659917,381.9579468,0.03672692552,381.9579468,0.8305091262,381.9579468,0.155579567,
381.0283508,-0.0004257189867,381.0283508,0.8325861096,381.0283508,0.03652989119,381.0283508,0.8279191256,381.0283508,0.1547744721,
379.943634,0.0001949392026,379.943634,0.8309476972,379.943634,0.03734491393,379.943634,0.8261701465,379.943634,0.1540713757,
379.0137634,-0.000301880762,379.0137634,0.8278853893,379.0137634,0.03640244156,379.0137634,0.8240724206,379.0137634,0.1539966017,
377.9287109,-0.0003650975123,377.9287109,0.8278434277,377.9287109,0.03625867888,377.9287109,0.8217556477,377.9287109,0.1535392851,
376.9985352,-0.0003635456378,376.9985352,0.8291712403,376.9985352,0.03637848422,376.9985352,0.8236141205,376.9985352,0.1538387984,
376.0682373,0.0002539638081,376.0682373,0.831776917,376.0682373,0.03669072688,376.0682373,0.8250397444,376.0682373,0.1544767618,
374.9827271,3.437792475E-5,374.9827271,0.8350818157,374.9827271,0.03673016652,374.9827271,0.8272686005,374.9827271,0.1553364098,
374.052124,-0.0008690537652,374.052124,0.8363794088,374.052124,0.03585935757,374.052124,0.8299542665,374.052124,0.1548504233,
372.9662781,9.685020632E-5,372.9662781,0.8424345851,372.9662781,0.03700956702,372.9662781,0.8360580206,372.9662781,0.1566758454,
372.0354004,0.0003715189523,372.0354004,0.8444657326,372.0354004,0.03722359613,372.0354004,0.8419769406,372.0354004,0.1576472968,
370.9492493,-0.0001692094957,370.9492493,0.8533918858,370.9492493,0.03632934391,370.9492493,0.8456103802,370.9492493,0.158760801,
370.0180969,-0.0002865666465,370.0180969,0.8594223261,370.0180969,0.03707367182,370.0180969,0.8519645929,370.0180969,0.1595540643,
368.9315796,0.0002802024246,368.9315796,0.8643347025,368.9315796,0.03641904891,368.9315796,0.8594047427,368.9315796,0.1609419584,
368.0001831,0.0002070594346,368.0001831,0.8732962012,368.0001831,0.03663248196,368.0001831,0.8649407625,368.0001831,0.1623164862,
367.068634,4.670079943E-5,367.068634,0.8788281083,367.068634,0.03619109094,367.068634,0.8694864511,367.068634,0.1632013023,
365.9816589,0.0005761117791,365.9816589,0.8856064677,365.9816589,0.03646034747,365.9816589,0.8814591169,365.9816589,0.1645103246,
365.0498352,-0.0002341531072,365.0498352,0.8918247819,365.0498352,0.03642709926,365.0498352,0.8841559291,365.0498352,0.1655703336,
363.9625244,-0.00123868743,363.9625244,0.8953356743,363.9625244,0.03529247269,363.9625244,0.8906410933,363.9625244,0.1653540134,
363.030426,-0.000107258209,363.030426,0.9014935493,363.030426,0.03631307557,363.030426,0.894122839,363.030426,0.1679940224,
361.9428406,-0.0001907377009,361.9428406,0.9072374701,361.9428406,0.03618180752,361.9428406,0.901309371,361.9428406,0.1688373387,
361.0104675,8.100474952E-5,361.0104675,0.9129912257,361.0104675,0.03711246699,361.0104675,0.9043015838,361.0104675,0.1697257906,
359.9225159,-0.000301156455,359.9225159,0.9146769047,359.9225159,0.03698504344,359.9225159,0.9080076218,359.9225159,0.1703058034,
358.9898987,-0.0002643188345,358.9898987,0.9151246548,358.9898987,0.03635233641,358.9898987,0.9072304368,358.9898987,0.1701267213,
358.0571289,0.0001946802222,358.0571289,0.9151952267,358.0571289,0.03671627864,358.0571289,0.9097295403,358.0571289,0.1705666482,
356.96875,-0.0001409521064,356.96875,0.9157273173,356.96875,0.03612660989,356.96875,0.9096217155,356.96875,0.1709566861,
356.0357056,0.0001115310733,356.0357056,0.9142847657,356.0357056,0.0363981612,356.0357056,0.9090030193,356.0357056,0.1707377136,
354.9470215,-0.0006724625127,354.9470215,0.9138261676,354.9470215,0.03592216969,354.9470215,0.9050992131,354.9470215,0.1699517965,
354.0137024,0.0002080953709,354.0137024,0.9115849733,354.0137024,0.03641476855,354.0137024,0.90815413,354.0137024,0.1699773073,
352.9247131,0.0004288315249,352.9247131,0.9087521434,352.9247131,0.03645598516,352.9247131,0.9023191929,352.9247131,0.1698279679,
351.9911194,2.117523763E-5,351.9911194,0.9043364525,351.9911194,0.03655106574,351.9911194,0.9005847573,351.9911194,0.1687868536,
351.0574341,-6.351951743E-5,351.0574341,0.903932333,351.0574341,0.03592225537,351.0574341,0.8951262832,351.0574341,0.1679468453,
349.9679871,-9.726857388E-5,349.9679871,0.8980214596,349.9679871,0.03644635528,349.9679871,0.8899003863,349.9679871,0.1674340963,
349.0340271,-0.0002326525282,349.0340271,0.8942075968,349.0340271,0.036361821,349.0340271,0.8864399195,349.0340271,0.1663876474,
347.9442749,-0.0001592212939,347.9442749,0.8863418698,347.9442749,0.0359644331,347.9442749,0.8787432909,347.9442749,0.166021347,
347.0100708,-0.0003395946405,347.0100708,0.8850823641,347.0100708,0.0368292816,347.0100708,0.876937449,347.0100708,0.1652542949,
346.0757141,0.0001715025137,346.0757141,0.8797553182,346.0757141,0.03594562039,346.0757141,0.8727362156,346.0757141,0.1648719907,
344.9855347,-3.898251816E-5,344.9855347,0.8758127689,344.9855347,0.035820283,344.9855347,0.8655897975,344.9855347,0.1628118306,
344.0509338,-3.10630503E-6,344.0509338,0.8712677956,344.0509338,0.03596893325,344.0509338,0.868150413,344.0509338,0.1643546224,
342.9604187,-0.0007306635962,342.9604187,0.8692202568,342.9604187,0.0355967395,342.9604187,0.8585801721,342.9604187,0.1616424918,
342.0255737,-0.0005753744044,342.0255737,0.8629903793,342.0255737,0.03607738018,342.0255737,0.8541869521,342.0255737,0.1624555737,
340.9347534,-0.0002891017939,340.9347534,0.8617117405,340.9347534,0.03617570177,340.9347534,0.8514529467,340.9347534,0.16025576,
339.9996643,0.0001490252034,339.9996643,0.8553295732,339.9996643,0.03680468351,339.9996643,0.8472809792,339.9996643,0.1604695916,
339.0644226,-4.400391845E-5,339.0644226,0.8514995575,339.0644226,0.03558524698,339.0644226,0.8440451026,339.0644226,0.159465,
337.973175,-0.000831747544,337.973175,0.8470198512,337.973175,0.03595495597,337.973175,0.8375967145,337.973175,0.1582514048,
337.0377197,-8.215429261E-5,337.0377197,0.8421970606,337.0377197,0.03570880741,337.0377197,0.8347306252,337.0377197,0.1581877172,
335.946167,-0.0001198355021,335.946167,0.8366735578,335.946167,0.03547925502,335.946167,0.8287239671,335.946167,0.1571279764,
335.010437,-9.224779205E-5,335.010437,0.8334888816,335.010437,0.03592374548,335.010437,0.8265424967,335.010437,0.1569396704,
334.074585,-0.0002643705811,334.074585,0.8308704495,334.074585,0.03612317517,334.074585,0.8232873082,334.074585,0.1568212807,
332.9826355,-0.0002848075528,332.9826355,0.8262998462,332.9826355,0.0357234776,332.9826355,0.820050776,332.9826355,0.1548854411,
332.0465393,0.0003501971078,332.0465393,0.8207839727,332.0465393,0.03609496355,332.0465393,0.8153975606,332.0465393,0.1548075676,
330.9542847,0.0001737813873,330.9542847,0.8212687969,330.9542847,0.03603035212,330.9542847,0.8123605251,330.9542847,0.1536631286,
330.0179138,0.0002552070655,330.0179138,0.8186077476,330.0179138,0.03627666086,330.0179138,0.8102552891,330.0179138,0.1542575508,
328.9253845,2.500656592E-5,328.9253845,0.8157743812,328.9253845,0.03580479324,328.9253845,0.804150641,328.9253845,0.153518945,
327.9888,6.653203309E-5,327.9888,0.8124232292,327.9888,0.0354527384,327.9888,0.8027403355,327.9888,0.1523934007,
327.0520935,-1.12861353E-5,327.0520935,0.8101502061,327.0520935,0.0358126089,327.0520935,0.8025619984,327.0520935,0.1522792578,
325.9591064,-0.0009351326735,325.9591064,0.8060109019,325.9591064,0.03473423049,325.9591064,0.8005033135,325.9591064,0.1512476057,
325.0221558,0.0001591502078,325.0221558,0.8069537878,325.0221558,0.03538423777,325.0221558,0.798383832,325.0221558,0.1517585367,
323.928894,-0.0003127969103,323.928894,0.8067676425,323.928894,0.03521358222,323.928894,0.7977329493,323.928894,0.1514514685,
322.9916992,-3.121735426E-5,322.9916992,0.8035458326,322.9916992,0.03521004319,322.9916992,0.797323525,322.9916992,0.1525485963,
322.0544128,-5.673833584E-5,322.0544128,0.8059987426,322.0544128,0.03513285145,322.0544128,0.7970916629,322.0544128,0.1524835974,
320.9607544,0.0001853313006,320.9607544,0.805495739,320.9607544,0.03495626152,320.9607544,0.7986954451,320.9607544,0.1519685537,
320.0231934,-0.0006794408546,320.0231934,0.8061953783,320.0231934,0.03443493694,320.0231934,0.7988413572,320.0231934,0.1518806964,
318.9292603,0.0003301197721,318.9292603,0.8099073768,318.9292603,0.03554737568,318.9292603,0.8021579981,318.9292603,0.1531227082,
317.9914551,0.0001819387981,317.9914551,0.8131548762,317.9914551,0.03487258032,317.9914551,0.8048106432,317.9914551,0.1540988833,
317.0535583,0.0009743008995,317.0535583,0.8161931038,317.0535583,0.0353064239,317.0535583,0.8078820109,317.0535583,0.1542238444,
315.959198,-7.547692803E-5,315.959198,0.8213056922,315.959198,0.03485830128,315.959198,0.8126273751,315.959198,0.1554473937,
315.0210876,-1.993173828E-5,315.0210876,0.8281085491,315.0210876,0.03463974223,315.0210876,0.8193289042,315.0210876,0.1564697474,
313.9264526,0.0002469705651,313.9264526,0.8362361193,313.9264526,0.03502744436,313.9264526,0.8268557787,313.9264526,0.1578166187,
312.9880676,0.0007852873532,312.9880676,0.8462842703,312.9880676,0.03429056332,312.9880676,0.8367237449,312.9880676,0.1598003358,
312.0495911,-5.855011477E-5,312.0495911,0.8564716578,312.0495911,0.03391065076,312.0495911,0.8493532538,312.0495911,0.1619454026,
310.9545593,0.0001917020127,310.9545593,0.8740207553,310.9545593,0.03427781537,310.9545593,0.8664247394,310.9545593,0.1654442549,
310.0158386,-0.0001842172496,310.0158386,0.8863622546,310.0158386,0.03403916582,310.0158386,0.8808586597,310.0158386,0.1688678861,
309.0770264,-6.212587778E-6,309.0770264,0.9102290273,309.0770264,0.03395493329,309.0770264,0.9050354958,309.0770264,0.1726762354,
307.9815979,-7.589102461E-5,307.9815979,0.9447932839,307.9815979,0.03383066878,307.9815979,0.9400448203,307.9815979,0.1807046682,
307.0425415,0.0001334626722,307.0425415,0.9773894548,307.0425415,0.03370003775,307.0425415,0.9725559354,307.0425415,0.1848560125,
305.9468689,3.981444388E-5,305.9468689,1.022709012,305.9468689,0.03344229981,305.9468689,1.015336871,305.9468689,0.1941908896,
305.0075684,0.0002962364815,305.0075684,1.064383864,305.0075684,0.03306385502,305.0075684,1.062274575,305.0075684,0.2029031366,
304.0681763,0.0009909833316,304.0681763,1.120304585,304.0681763,0.03433872014,304.0681763,1.11299634,304.0681763,0.214180246,
302.9721069,0.0006148125394,302.9721069,1.199207425,302.9721069,0.03333282843,302.9721069,1.186639071,302.9721069,0.2284433395,
302.0325012,-0.0002692341513,302.0325012,1.26797998,302.0325012,0.03330473974,302.0325012,1.258384466,302.0325012,0.2401637286,
300.9361267,-6.15007084E-5,300.9361267,1.354414225,300.9361267,0.03316314518,300.9361267,1.35313642,300.9361267,0.2596274316,
299.9963074,3.546392236E-6,299.9963074,1.426185966,299.9963074,0.03302941471,299.9963074,1.426428437,299.9963074,0.271024704,
299.056366,0.0001011741479,299.056366,1.521165848,299.056366,0.03265225142,299.056366,1.52966857,299.056366,0.2895375192,
297.9596252,0.0001512780582,297.9596252,1.660326004,297.9596252,0.03292141855,297.9596252,1.652227521,297.9596252,0.3188846409,
297.0194397,0.0002013100602,297.0194397,1.782274127,297.0194397,0.03277640045,297.0194397,1.781459332,297.0194397,0.3394224644,
295.9224548,-0.0001139868473,295.9224548,1.920391083,295.9224548,0.03259551898,295.9224548,1.964024186,295.9224548,0.372597903,
294.9820557,-0.0003603902005,294.9820557,2.089588881,294.9820557,0.03228958324,294.9820557,2.114263535,294.9820557,0.3954563737,
294.0415649,0.0001494654134,294.0415649,2.278714418,294.0415649,0.03258834779,294.0415649,2.29455328,294.0415649,0.4320971072,
292.9442139,-3.282216858E-5,292.9442139,2.439646721,292.9442139,0.03244472668,292.9442139,2.451863766,292.9442139,0.4669978619,
292.003479,9.501189925E-5,292.003479,2.492313147,292.003479,0.03221904114,292.003479,2.494814634,292.003479,0.4829897583,
291.0626831,0.000282559573,291.0626831,2.594475508,291.0626831,0.03260280192,291.0626831,2.588595867,291.0626831,0.5007460713,
289.9649353,-0.0001338615984,289.9649353,2.611234665,289.9649353,0.03224354982,289.9649353,2.633139372,289.9649353,0.524446547,
289.0238953,0.0003623475786,289.0238953,2.796922207,289.0238953,0.03271239623,289.0238953,2.75120306,289.0238953,0.5578383803,
287.9259033,-0.0002393274772,287.9259033,2.895152092,287.9259033,0.03183770552,287.9259033,2.987626791,287.9259033,0.59220016,
286.9846497,0.0002710329718,286.9846497,3.008370161,286.9846497,0.03221519291,286.9846497,3.078308344,286.9846497,0.6243080497,
286.0433044,3.665607801E-5,286.0433044,3.069975615,286.0433044,0.03260219097,286.0433044,3.01190424,286.0433044,0.6376695633,
284.9449463,-0.000626144174,284.9449463,2.949640274,284.9449463,0.03190021962,284.9449463,3.113331795,284.9449463,0.6518364549,
284.0033569,0.0002288404648,284.0033569,3.294179201,284.0033569,0.03219286352,284.0033569,3.027465582,284.0033569,0.6606972814,
283.0617065,0.0002342535154,283.0617065,3.127988577,283.0617065,0.03209232166,283.0617065,3.32604146,283.0617065,0.665476799,
281.9629822,0.0009478387656,281.9629822,3.090558529,281.9629822,0.03216585144,281.9629822,2.979747772,281.9629822,0.6714384556,
281.0211182,-0.0003524755884,281.0211182,3.341519356,281.0211182,0.03234549239,281.0211182,4.146560669,281.0211182,0.6747259498,
279.9221191,-0.000466111378,279.9221191,2.92021513,279.9221191,0.03176459298,279.9221191,3.200235367,279.9221191,0.6756480336,
278.9800415,0.0007539875805,278.9800415,3.108947754,278.9800415,0.0321537517,278.9800415,3.297665119,278.9800415,0.6740433574,
278.0378723,0.0009275002521,278.0378723,3.021333933,278.0378723,0.03231950104,278.0378723,3.839891672,278.0378723,0.6701023579,
276.9385376,0.0005996480468,276.9385376,3.380060911,276.9385376,0.03115273826,276.9385376,3.139718533,276.9385376,0.6623941064,
275.9961548,-0.000175626672,275.9961548,3.41486764,275.9961548,0.03200832382,275.9961548,3.301608086,275.9961548,0.6560630798,
275.0536804,-0.0006807848113,275.0536804,3.213229418,275.0536804,0.03179968521,275.0536804,3.085914612,275.0536804,0.6487634182,
273.9539795,4.786579302E-5,273.9539795,3.218886137,273.9539795,0.03260623664,273.9539795,3.03223896,273.9539795,0.6364324689,
273.0112915,0.0009330517496,273.0112915,3.092910528,273.0112915,0.03211949393,273.0112915,3.27602911,273.0112915,0.6282631755,
272.068512,0.0005031521432,272.068512,3.61224699,272.068512,0.03282637149,272.068512,2.926730394,272.068512,0.6186360121,
270.9684753,-0.0009122464107,270.9684753,3.294356108,270.9684753,0.03121581674,270.9684753,3.327319622,270.9684753,0.6107981205,
270.0254822,0.001140400884,270.0254822,3.238128424,270.0254822,0.03192757815,270.0254822,3.00108552,270.0254822,0.6003115773,
268.9252014,0.0002970395144,268.9252014,2.995171785,268.9252014,0.03218374774,268.9252014,2.893964529,268.9252014,0.5822981,
267.9820251,-0.0006799060502,267.9820251,3.021569967,267.9820251,0.03235274553,267.9820251,2.77593255,267.9820251,0.5712821484,
267.0387573,-0.0001164712376,267.0387573,2.846642494,267.0387573,0.03275270388,267.0387573,2.968393087,267.0387573,0.5626408458,
265.9381409,8.299834735E-5,265.9381409,2.884659529,265.9381409,0.03350733221,265.9381409,2.952111483,265.9381409,0.5507352352,
264.9946594,-0.0002699584875,264.9946594,2.908262253,264.9946594,0.03230714798,264.9946594,2.795803785,264.9946594,0.5359163284,
264.0510864,0.001856881659,264.0510864,2.677856445,264.0510864,0.03402975947,264.0510864,2.75648284,264.0510864,0.5241338015,
262.9501343,0.0004162905097,262.9501343,2.667021036,262.9501343,0.03447046876,262.9501343,2.677712202,262.9501343,0.5136739612,
262.0063477,-0.0004706106847,262.0063477,2.617018223,262.0063477,0.03321696073,262.0063477,2.60714221,262.0063477,0.5071669817,
261.0625,-0.0003672183666,261.0625,2.604349375,261.0625,0.03468479589,261.0625,2.675744295,261.0625,0.5036082864,
259.9612122,0.001186082372,259.9612122,2.503155708,259.9612122,0.03434463218,259.9612122,2.477472067,259.9612122,0.4969264865,
259.0171509,0.0006224338431,259.0171509,2.548551798,259.0171509,0.03424042091,259.0171509,2.514983892,259.0171509,0.480830878,
258.072998,0.0003482281754,258.072998,2.470000505,258.072998,0.03316839784,258.072998,2.451972961,258.072998,0.471127212,
256.9713745,0.000951807946,256.9713745,2.460451126,256.9713745,0.03296612576,256.9713745,2.36927104,256.9713745,0.4633882642,
256.0270386,0.0009681262891,256.0270386,2.437903166,256.0270386,0.03361810744,256.0270386,2.41280961,256.0270386,0.4636396766,
254.9252014,5.770365533E-5,254.9252014,2.495267391,254.9252014,0.03326119483,254.9252014,2.446676731,254.9252014,0.4621647298,
253.9806671,-4.736873962E-5,253.9806671,2.373859167,253.9806671,0.03289106488,253.9806671,2.406689882,253.9806671,0.4626263082,
253.0360413,0.0003448862408,253.0360413,2.342459679,253.0360413,0.03322911635,253.0360413,2.391123295,253.0360413,0.4650094509,
251.9338837,-0.0004264948075,251.9338837,2.403294563,251.9338837,0.0338607505,251.9338837,2.378789663,251.9338837,0.4675905108,
250.9890747,0.0004115747579,250.9890747,2.492615938,250.9890747,0.03371592611,250.9890747,2.456448078,250.9890747,0.4774313271,
250.0441742,-0.0001415731676,250.0441742,2.530845881,250.0441742,0.03373525664,250.0441742,2.5577178,250.0441742,0.491918087,
248.947998,7.29527892E-5,248.947998,2.523386002,248.947998,0.03313330561,248.947998,2.502163649,248.947998,0.5117570758,
248.0085449,-0.0005375258625,248.0085449,2.544153214,248.0085449,0.03209282085,248.0085449,2.568617344,248.0085449,0.533026576,
247.0690155,0.0001944212418,247.0690155,2.742314816,247.0690155,0.03128138185,247.0690155,2.8861866,247.0690155,0.5638888478,
245.9727936,-0.0005620864104,245.9727936,2.902252913,245.9727936,0.03233709931,245.9727936,3.037331581,245.9727936,0.6121277809,
245.0330658,0.0004783253826,245.0330658,2.884131193,245.0330658,0.03237851337,245.0330658,3.018452883,245.0330658,0.6630746722,
243.9366302,-0.0001573064219,243.9366302,3.328670025,243.9366302,0.0311506521,243.9366302,3.037603378,243.9366302,0.7404519916,
242.9967346,-0.0002729593834,242.9967346,3.362636566,242.9967346,0.03197928891,242.9967346,3.2821455,242.9967346,0.8131532073,
242.0567474,0.0002099082631,242.0567474,3.315439224,242.0567474,0.03175932914,242.0567474,3.295814276,242.0567474,0.9180176258,
240.9600067,7.618908421E-5,240.9600067,3.495874643,240.9600067,0.03112370335,240.9600067,10,240.9600067,1.034863114,
240.0198364,-0.0001977237844,240.0198364,3.164246798,240.0198364,0.0293727573,240.0198364,3.011402369,240.0198364,1.210373163,
238.9228821,-0.00035713127,238.9228821,3.219298601,238.9228821,0.03020730242,238.9228821,3.011249065,238.9228821,1.478540659,
237.9825439,-0.000105498395,237.9825439,10,237.9825439,0.02834468894,237.9825439,2.98739624,237.9825439,1.683743477,
237.0421143,-0.0004044093366,237.0421143,2.782077551,237.0421143,0.02771759592,237.0421143,3.093340158,237.0421143,1.90658617,
235.9448547,-0.0005768220872,235.9448547,3.273244381,235.9448547,0.02759579383,235.9448547,10,235.9448547,2.14458704,
235.0042572,-0.0002278402826,235.0042572,3.091388464,235.0042572,0.02656674571,235.0042572,10,235.0042572,2.496861935,
234.0635834,-0.0004384422209,234.0635834,10,234.0635834,0.0255823005,234.0635834,3.588590384,234.0635834,2.594540358,
232.9660187,-0.0006576784072,232.9660187,3.602199793,232.9660187,0.02543658391,232.9660187,2.814553261,232.9660187,2.272195816,
232.025177,0.0006827870384,232.025177,2.800702095,232.025177,0.02395235375,232.025177,10,232.025177,3.231112957,
230.9274139,-0.0004061162181,230.9274139,10,230.9274139,0.02276864834,230.9274139,3.065056324,230.9274139,2.882375002,
229.9863892,0.00210496271,229.9863892,2.479069948,229.9863892,0.02264050953,229.9863892,2.415560484,229.9863892,2.527821779,
229.0452728,-0.003522167914,229.0452728,3.249322176,229.0452728,0.01962327957,229.0452728,3.664278269,229.0452728,3.383283854,
227.9472198,-0.001143687987,227.9472198,3.171858311,227.9472198,0.01932295784,227.9472198,3.19577384,227.9472198,2.900203228,
227.0059509,-0.002415214665,227.0059509,2.918570042,227.0059509,0.01779514179,227.0059509,2.990090132,227.0059509,2.733858347,
226.0646057,0.01016786508,226.0646057,3.474903822,226.0646057,0.01684658416,226.0646057,3.570031881,226.0646057,2.803889513,
224.9662628,-0.001251283684,224.9662628,3.307456017,224.9662628,0.0127767371,224.9662628,2.853375196,224.9662628,2.787007332,
224.0247345,0.01047775056,224.0247345,10,224.0247345,0.02482745983,224.0247345,10,224.0247345,2.636579037,
222.9261932,-0.006872115657,222.9261932,2.668809175,222.9261932,0.01080656704,222.9261932,2.6640172,222.9261932,2.400589705,
221.9845123,0.0003505597997,221.9845123,2.395883083,221.9845123,-0.003136998042,221.9845123,2.357725859,221.9845123,2.064054251,
221.0427551,0.0175575316,221.0427551,2.3878057,221.0427551,0.02109781839,221.0427551,2.110120058,221.0427551,2.219799995,
219.943924,-0.0051238616,219.943924,2.500784636,219.943924,-0.01687459275,219.943924,2.069066525,219.943924,1.835609198,
219.0019989,0.0311481487,219.0019989,2.066591024,219.0019989,0.003715418512,219.0019989,1.926824689,219.0019989,1.919997215,
218.0599976,0.003940948751,218.0599976,2.226064444,218.0599976,-0.03065943159,218.0599976,10,218.0599976,1.644929051,
216.960907,-0.0001681227004,216.960907,1.683990598,216.960907,-0.03154947236,216.960907,1.738207698,216.960907,1.403531671,
216.0187378,0.03541861475,216.0187378,1.77055788,216.0187378,-0.03441641852,216.0187378,1.785986423,216.0187378,1.397246957,
215.0765076,-0.0377377905,215.0765076,1.565215826,215.0765076,-0.03185079992,215.0765076,1.353565574,215.0765076,1.047631025,
213.9771271,-0.0228059385,213.9771271,1.152143121,213.9771271,-0.04503128305,213.9771271,1.650352836,213.9771271,0.8146752119,
213.034729,0.02360693179,213.034729,1.261389971,213.034729,-0.03246781603,213.034729,1.496726632,213.034729,0.8812781572,
211.9351807,-0.02540082857,211.9351807,0.7619661093,211.9351807,-0.04633127153,211.9351807,1.452045798,211.9351807,0.5308650732,
210.9926147,-0.1402985007,210.9926147,0.5398513675,210.9926147,-0.1467318237,210.9926147,10,210.9926147,0.5138040781,
210.0499878,0.05324119329,210.0499878,1.751923561,210.0499878,0.02283469774,210.0499878,0.7293251753,210.0499878,0.6655135155,
208.9501648,-0.01751095615,208.9501648,1.094444871,208.9501648,-0.04548382014,208.9501648,0.4775499403,208.9501648,0.3429003656,
208.0073853,0.01827863604,208.0073853,0.4966711104,208.0073853,-0.04504173994,208.0073853,0.4752289653,208.0073853,0.5667120814,
207.0645294,0.01781132258,207.0645294,0.6874383092,207.0645294,0.0397163406,207.0645294,0.6217414737,207.0645294,0.3926382065,
205.9644318,0.0971544683,205.9644318,0.9199690819,205.9644318,-0.02031567506,205.9644318,0.6689327955,205.9644318,0.220174551,
205.0214233,-0.1625410467,205.0214233,0.4896886647,205.0214233,-0.06231936067,205.0214233,0.4640550613,205.0214233,0.1998835206,
204.0783539,0.02089128643,204.0783539,0.5345857739,204.0783539,0.02242176794,204.0783539,0.5889902115,204.0783539,0.8047443628,
202.9779968,-0.09515841305,202.9779968,0.6796417236,202.9779968,-0.08991008252,202.9779968,0.8067045808,202.9779968,0.1823893636,
202.0347748,-0.08306674659,202.0347748,0.2136804461,202.0347748,-0.0294039268,202.0347748,0.3476005495,202.0347748,0.94839257,
200.9342499,-0.2024860382,200.9342499,0.6772233248,200.9342499,-0.007424518466,200.9342499,0.9300583005,200.9342499,0.2168875337,
199.9907532,-0.002136437921,199.9907532,1.218235254,199.9907532,-0.03551811352,199.9907532,0.5121341944,199.9907532,0.5954585671,

blank,
blank
Collection Time: 23/10/2019 18:01:25
Operator Name  :
Scan Software Version: 3.00(339)
Parameter List :
Instrument                        Cary 50
Instrument Version                3.00
Start (nm)                        800.0
Stop (nm)                         200.0
X Mode                            Nanometers
Y Mode                            Abs
UV-Vis Scan Rate (nm/min)         4800.00
UV-Vis Data Interval (nm)         1.00
UV-Vis Ave. Time (sec)            0.0125
Beam Mode                         Dual Beam
Baseline Correction               On
Baseline Type                     Baseline correction
Baseline File Name
Baseline Std Ref File Name
Cycle Mode                        Off
Comments
Method Log     :
Method Name    :
Date/Time stamp: 23/10/2019 17:33:17
Method Modifications:
Common Interval nm Changed: 23/10/2019 18:01:01, Old:     5.00, New:     1.00
Baseline Correction Changed: 23/10/2019 18:01:01, Old:0, New:1
Storage Changed: 23/10/2019 18:01:01, Old:1, New:0
End Method Modifications
<Current Wavelength> , 203.0

workingstock,
workingstock
Collection Time: 23/10/2019 18:01:46
Operator Name  :
Scan Software Version: 3.00(339)
Parameter List :
Instrument                        Cary 50
Instrument Version                3.00
Start (nm)                        800.0
Stop (nm)                         200.0
X Mode                            Nanometers
Y Mode                            Abs
UV-Vis Scan Rate (nm/min)         4800.00
UV-Vis Data Interval (nm)         1.00
UV-Vis Ave. Time (sec)            0.0125
Beam Mode                         Dual Beam
Baseline Correction               On
Baseline Type                     Baseline correction
Baseline File Name
Baseline Std Ref File Name
Cycle Mode                        Off
Comments
Method Log     :
Method Name    :
Date/Time stamp: 23/10/2019 17:33:17
Method Modifications:
Common Interval nm Changed: 23/10/2019 18:01:01, Old:     5.00, New:     1.00
Baseline Correction Changed: 23/10/2019 18:01:01, Old:0, New:1
Storage Changed: 23/10/2019 18:01:01, Old:1, New:0
End Method Modifications
<Current Wavelength> , 203.0

workingstock1,
workingstock1
Collection Time: 23/10/2019 18:02:02
Operator Name  :
Scan Software Version: 3.00(339)
Parameter List :
Instrument                        Cary 50
Instrument Version                3.00
Start (nm)                        800.0
Stop (nm)                         200.0
X Mode                            Nanometers
Y Mode                            Abs
UV-Vis Scan Rate (nm/min)         4800.00
UV-Vis Data Interval (nm)         1.00
UV-Vis Ave. Time (sec)            0.0125
Beam Mode                         Dual Beam
Baseline Correction               On
Baseline Type                     Baseline correction
Baseline File Name
Baseline Std Ref File Name
Cycle Mode                        Off
Comments
Method Log     :
Method Name    :
Date/Time stamp: 23/10/2019 17:33:17
Method Modifications:
Common Interval nm Changed: 23/10/2019 18:01:01, Old:     5.00, New:     1.00
Baseline Correction Changed: 23/10/2019 18:01:01, Old:0, New:1
Storage Changed: 23/10/2019 18:01:01, Old:1, New:0
End Method Modifications
<Current Wavelength> , 203.0

workingstock2,
workingstock2
Collection Time: 23/10/2019 18:02:16
Operator Name  :
Scan Software Version: 3.00(339)
Parameter List :
Instrument                        Cary 50
Instrument Version                3.00
Start (nm)                        800.0
Stop (nm)                         200.0
X Mode                            Nanometers
Y Mode                            Abs
UV-Vis Scan Rate (nm/min)         4800.00
UV-Vis Data Interval (nm)         1.00
UV-Vis Ave. Time (sec)            0.0125
Beam Mode                         Dual Beam
Baseline Correction               On
Baseline Type                     Baseline correction
Baseline File Name
Baseline Std Ref File Name
Cycle Mode                        Off
Comments
Method Log     :
Method Name    :
Date/Time stamp: 23/10/2019 17:33:17
Method Modifications:
Common Interval nm Changed: 23/10/2019 18:01:01, Old:     5.00, New:     1.00
Baseline Correction Changed: 23/10/2019 18:01:01, Old:0, New:1
Storage Changed: 23/10/2019 18:01:01, Old:1, New:0
End Method Modifications
<Current Wavelength> , 203.0

workingstock_1in5,
workingstock_1in5
Collection Time: 23/10/2019 18:03:47
Operator Name  :
Scan Software Version: 3.00(339)
Parameter List :
Instrument                        Cary 50
Instrument Version                3.00
Start (nm)                        800.0
Stop (nm)                         200.0
X Mode                            Nanometers
Y Mode                            Abs
UV-Vis Scan Rate (nm/min)         4800.00
UV-Vis Data Interval (nm)         1.00
UV-Vis Ave. Time (sec)            0.0125
Beam Mode                         Dual Beam
Baseline Correction               On
Baseline Type                     Baseline correction
Baseline File Name
Baseline Std Ref File Name
Cycle Mode                        Off
Comments
Method Log     :
Method Name    :
Date/Time stamp: 23/10/2019 17:33:17
Method Modifications:
Common Interval nm Changed: 23/10/2019 18:01:01, Old:     5.00, New:     1.00
Baseline Correction Changed: 23/10/2019 18:01:01, Old:0, New:1
Storage Changed: 23/10/2019 18:01:01, Old:1, New:0
End Method Modifications
<Current Wavelength> , 203.0

