experiment_number,ligand,km,vmax,rsq,protein_concentration,a420_max,auc_mean,auc_cv,std_405,dd_soret,k,concentrations,controls_ok,centrifuge_minutes,centrifuge_rpm,dispense_bulk,dispense_ligands,protein_days_thawed,well_volume
15,DMSO,2.575296788299855,0.0030068255134648786,-1.380956438352705,7.45,0.024,2.9533749999999976,1.4328763184436588,0.0037772817134623616,-0.0003421874987492231,1.0,"[0.0, 71.25, 142.5, 213.75, 286.25, 357.5, 428.75, 500.0]",True,3700,2,Thermo Multidrop Combi,Echo,0,30
15,DMSO,4.816605899629663,0.004150454773557794,-1.6360338164420356,7.45,0.024999999999999998,3.422749999999999,1.0904157848285474,0.004926241685388278,-0.0023592237908438953,1.3333333333333333,"[0.0, 37.5, 93.75, 161.25, 237.5, 318.75, 407.5, 500.0]",True,3700,2,Thermo Multidrop Combi,Echo,0,30
15,DMSO,51.600438831836414,0.04499999988043586,-76.4613784362059,7.45,0.026999999999999996,3.7957500000000106,1.3603356774338204,0.005055054048036621,0.0008505040366577788,1.6666666666666663,"[0.0, 20.0, 62.5, 121.25, 196.25, 285.0, 386.25, 500.0]",True,3700,2,Thermo Multidrop Combi,Echo,0,30
15,DMSO,6.809285030487865e-16,0.00428571428284101,0.2073732718894019,7.45,0.036000000000000004,4.599562499999999,0.9970138622506207,0.009797047660246576,0.004970312499724839,2.0,"[0.0, 10.0, 41.25, 91.25, 163.75, 255.0, 367.5, 500.0]",True,3700,2,Thermo Multidrop Combi,Echo,0,30
15,Arachadionic acid,2.9744064215109303,0.03735742080334485,-2.7749405725961394,7.45,0.028999999999999998,7.213125000000004,0.8444376895048866,0.008609587678861285,0.007420564516200653,1.0,"[0.0, 71.25, 142.5, 213.75, 286.25, 357.5, 428.75, 500.0]",True,3700,2,Thermo Multidrop Combi,Echo,0,30
15,Arachadionic acid,0.41047451303281024,0.02252038241866483,0.7477155467803573,7.45,0.018000000000000002,2.2223124999999992,1.3927308316802312,0.0035757117173668097,0.0072106854838622945,1.3333333333333333,"[0.0, 37.5, 93.75, 161.25, 237.5, 318.75, 407.5, 500.0]",True,3700,2,Thermo Multidrop Combi,Echo,0,30
15,Arachadionic acid,28.425509511201657,0.12293816242565432,-77.09613812933347,7.45,0.019999999999999993,3.834312500000002,1.5416562297402585,0.007363035088486656,0.003626159273551732,1.6666666666666663,"[0.0, 20.0, 62.5, 121.25, 196.25, 285.0, 386.25, 500.0]",True,3700,2,Thermo Multidrop Combi,Echo,0,30
15,Arachadionic acid,7.2899609852078235,0.0069298890206530425,-6.134063916625108,7.45,0.024,-1.9930625000000028,-0.9108035742979363,0.005866064633612068,0.0017533770133439553,2.0,"[0.0, 10.0, 41.25, 91.25, 163.75, 255.0, 367.5, 500.0]",True,3700,2,Thermo Multidrop Combi,Echo,0,30
15,Lauric acid,1.8592168885007676,0.007652901261689775,-0.7320896274427806,7.45,0.024,3.505937499999995,0.8644575571600325,0.0034537764010675945,0.0019538306456458473,1.0,"[0.0, 71.25, 142.5, 213.75, 286.25, 357.5, 428.75, 500.0]",True,3700,2,Thermo Multidrop Combi,Echo,0,30
15,Lauric acid,1.3766974031270252,0.010048184410519825,-0.1995878518922034,7.45,0.025,2.362375000000001,1.8368639126077932,0.0033380918415851233,0.0018159274193207296,1.3333333333333333,"[0.0, 37.5, 93.75, 161.25, 237.5, 318.75, 407.5, 500.0]",True,3700,2,Thermo Multidrop Combi,Echo,0,30
15,Lauric acid,36.427664904111,0.024951224823771066,-101.26805551168407,7.45,0.020999999999999998,2.969749999999996,0.8153413283073675,0.005237229365663819,-0.00067626008135981,1.6666666666666663,"[0.0, 20.0, 62.5, 121.25, 196.25, 285.0, 386.25, 500.0]",True,3700,2,Thermo Multidrop Combi,Echo,0,30
15,Lauric acid,8.710128261633617e-07,0.002571377989609657,0.373271867427736,7.45,0.023000000000000007,0.8469999999999973,3.6640998927298276,0.005035587637718448,-0.00365065524329613,2.0,"[0.0, 10.0, 41.25, 91.25, 163.75, 255.0, 367.5, 500.0]",True,3700,2,Thermo Multidrop Combi,Echo,0,30
15,Palmitic acid,24.820434423291367,0.017128722981875504,-32.50715771601684,7.45,0.024,4.022812499999999,0.6091264277532334,0.0067068728075864725,-0.0008523185476349676,1.0,"[0.0, 71.25, 142.5, 213.75, 286.25, 357.5, 428.75, 500.0]",True,3700,2,Thermo Multidrop Combi,Echo,0,30
15,Palmitic acid,3.5794876851120816,0.0075440870195184265,-3.047880805153505,7.45,0.022999999999999996,1.9442499999999943,1.5371401357532894,0.0041382363393117115,-0.0020135080640768114,1.3333333333333333,"[0.0, 37.5, 93.75, 161.25, 237.5, 318.75, 407.5, 500.0]",True,3700,2,Thermo Multidrop Combi,Echo,0,30
15,Palmitic acid,35.12857675846658,0.01496791618189556,-97.49416720020172,7.45,0.023999999999999997,0.16006250000000233,13.255369997195592,0.005841660722773958,-0.002957409274884468,1.6666666666666663,"[0.0, 20.0, 62.5, 121.25, 196.25, 285.0, 386.25, 500.0]",True,3700,2,Thermo Multidrop Combi,Echo,0,30
15,Palmitic acid,7.849474868315987e-06,0.0007142174595107276,0.056689297683693574,7.45,0.03,4.567375000000005,0.6170318278714154,0.005316752499680339,-0.0037535786333985034,2.0,"[0.0, 10.0, 41.25, 91.25, 163.75, 255.0, 367.5, 500.0]",True,3700,2,Thermo Multidrop Combi,Echo,0,30
15,SDS,0.0007724492887783788,0.009431269100913206,0.7978016929528348,7.45,0.022000000000000006,1.8895000000000024,2.083795862472779,0.005318431562567512,0.0037669354848892207,1.0,"[0.0, 71.25, 142.5, 213.75, 286.25, 357.5, 428.75, 500.0]",True,3700,2,Thermo Multidrop Combi,Echo,0,30
15,SDS,0.338984865077981,0.0068757472987857355,0.6185870582158364,7.45,0.023999999999999997,3.089250000000008,0.8218907842109808,0.005303300858899105,-0.0005126008063680364,1.3333333333333333,"[0.0, 37.5, 93.75, 161.25, 237.5, 318.75, 407.5, 500.0]",True,3700,2,Thermo Multidrop Combi,Echo,0,30
15,SDS,0.7516333268293346,0.006621827122106243,0.369810462740363,7.45,0.022,4.535062499999998,0.5099470175266034,0.0032841611235921854,0.00345378024165583,1.6666666666666663,"[0.0, 20.0, 62.5, 121.25, 196.25, 285.0, 386.25, 500.0]",True,3700,2,Thermo Multidrop Combi,Echo,0,30
15,SDS,0.8198339273736992,0.0016304497924503384,0.16526466591790212,7.45,0.028000000000000004,4.410625000000001,0.6885641393246678,0.005780200194259219,-0.000248840720411607,2.0,"[0.0, 10.0, 41.25, 91.25, 163.75, 255.0, 367.5, 500.0]",True,3700,2,Thermo Multidrop Combi,Echo,0,30
15,4-Phenylimidazole,1.2445990769646752e-07,0.0015714124846332295,0.10871518369902433,7.45,0.027999999999999997,1.7943749999999956,1.7025700467134455,0.006186101934405634,-3.6290321553200916e-05,1.0,"[0.0, 71.25, 142.5, 213.75, 286.25, 357.5, 428.75, 500.0]",True,3700,2,Thermo Multidrop Combi,Echo,0,30
15,4-Phenylimidazole,7.318880434399791e-10,0.0027142850200262913,0.360639360629579,7.45,0.032,2.933624999999997,1.5505577171122937,0.011829140773047355,0.0017256552415729012,1.3333333333333333,"[0.0, 37.5, 93.75, 161.25, 237.5, 318.75, 407.5, 500.0]",True,3700,2,Thermo Multidrop Combi,Echo,0,30
15,4-Phenylimidazole,1.179436134903279,0.004538895566601442,0.012041285213480246,7.45,0.024000000000000004,3.409499999999998,0.6728801756151516,0.005604526232048013,0.0006789314524595289,1.6666666666666663,"[0.0, 20.0, 62.5, 121.25, 196.25, 285.0, 386.25, 500.0]",True,3700,2,Thermo Multidrop Combi,Echo,0,30
15,4-Phenylimidazole,0.5453953195260015,0.0030454056171080974,0.2950840536975995,7.45,0.022999999999999993,-0.0076249999999977724,-240.9997312549595,0.006824326235712106,0.003356703628489283,2.0,"[0.0, 10.0, 41.25, 91.25, 163.75, 255.0, 367.5, 500.0]",True,3700,2,Thermo Multidrop Combi,Echo,0,30
15,DMSO,4.6351058737595885,0.017828499376813484,-2.0625423342677904,1.45,0.083,13.861125000000019,0.5947079320658653,0.023883272687923535,0.008540171370356023,1.0,"[0.0, 71.25, 142.5, 213.75, 286.25, 357.5, 428.75, 500.0]",True,3700,2,Thermo Multidrop Combi,Echo,0,30
15,DMSO,1.3490293951368137e-14,0.0037142985350970955,0.26530612242369145,1.45,0.038000000000000006,3.001187500000003,1.4584171289449246,0.010528871870107587,-0.011011643150051435,1.3333333333333333,"[0.0, 37.5, 93.75, 161.25, 237.5, 318.75, 407.5, 500.0]",True,3700,2,Thermo Multidrop Combi,Echo,0,30
15,DMSO,4.718509058760619,0.007873397517172627,-2.006518809612081,1.45,0.027000000000000007,5.206250000000003,0.9478444760313437,0.004399675312695573,0.0005971774195503507,1.6666666666666663,"[0.0, 20.0, 62.5, 121.25, 196.25, 285.0, 386.25, 500.0]",True,3700,2,Thermo Multidrop Combi,Echo,0,30
15,DMSO,5.3408998363918406e-08,0.0022857086176438796,0.07619047628370723,1.45,0.027999999999999997,7.189875000000007,0.6315757358743846,0.00730826342476202,-0.0016466229823166706,2.0,"[0.0, 10.0, 41.25, 91.25, 163.75, 255.0, 367.5, 500.0]",True,3700,2,Thermo Multidrop Combi,Echo,0,30
15,Arachadionic acid,0.6334466585632792,0.01732726791184541,0.5580411500520917,1.45,0.019999999999999997,3.624062499999993,0.7513798030117332,0.004068608045581612,0.003247731854295593,1.0,"[0.0, 71.25, 142.5, 213.75, 286.25, 357.5, 428.75, 500.0]",True,3700,2,Thermo Multidrop Combi,Echo,0,30
15,Arachadionic acid,0.8193586743052136,0.015779502849807708,0.3670108398071076,1.45,0.023999999999999997,-0.5013125000000057,-7.8673942508573855,0.007502380574571933,0.0007004536314235571,1.3333333333333333,"[0.0, 37.5, 93.75, 161.25, 237.5, 318.75, 407.5, 500.0]",True,3700,2,Thermo Multidrop Combi,Echo,0,30
15,Arachadionic acid,1.0680001747493144,0.021193717361241298,0.1361658547718536,1.45,0.017999999999999995,1.1139999999999977,2.0665991891425732,0.00554043577450624,0.0058852318539709975,1.6666666666666663,"[0.0, 20.0, 62.5, 121.25, 196.25, 285.0, 386.25, 500.0]",True,3700,2,Thermo Multidrop Combi,Echo,0,30
15,Arachadionic acid,3.178116578826883,0.0251957417406071,-2.2785601608051675,1.45,0.022,1.2772499999999987,1.8566221347446663,0.00790004520782725,0.002218901207765707,2.0,"[0.0, 10.0, 41.25, 91.25, 163.75, 255.0, 367.5, 500.0]",True,3700,2,Thermo Multidrop Combi,Echo,0,30
15,Lauric acid,0.24619673256894076,0.004041512475262902,0.44560089387080726,1.45,0.024000000000000007,3.3068750000000016,0.9726202812494076,0.005070925528371097,0.0017695060487409563,1.0,"[0.0, 71.25, 142.5, 213.75, 286.25, 357.5, 428.75, 500.0]",True,3700,2,Thermo Multidrop Combi,Echo,0,30
15,Lauric acid,0.0011695537544991128,0.0020009307566496368,0.1627905646729113,1.45,0.023,3.030499999999991,1.1687089208700498,0.005817154434453816,-0.003459223791243961,1.3333333333333333,"[0.0, 37.5, 93.75, 161.25, 237.5, 318.75, 407.5, 500.0]",True,3700,2,Thermo Multidrop Combi,Echo,0,30
15,Lauric acid,44.922330433025316,0.0180203581029604,-65.82529047506941,1.45,0.023,4.165374999999992,0.42645637285224897,0.0036425069859723205,-0.0009801915325548963,1.6666666666666663,"[0.0, 20.0, 62.5, 121.25, 196.25, 285.0, 386.25, 500.0]",True,3700,2,Thermo Multidrop Combi,Echo,0,30
15,Lauric acid,0.11282652970710384,0.006573160331320428,0.7166630445718638,1.45,0.044399999999999995,1.176625,4.244499695212861,0.017262159275627798,-0.017544964715308715,2.0,"[0.0, 10.0, 41.25, 91.25, 163.75, 255.0, 367.5, 500.0]",True,3700,2,Thermo Multidrop Combi,Echo,0,30
15,Palmitic acid,0.9222137864936344,0.005252813962174201,0.04218771093277607,1.45,0.033,5.0674375,0.6723570885692556,0.009264949309860559,0.0002416834683532437,1.0,"[0.0, 71.25, 142.5, 213.75, 286.25, 357.5, 428.75, 500.0]",True,3700,2,Thermo Multidrop Combi,Echo,0,30
15,Palmitic acid,0.3294509875931443,0.004943262353541651,0.1824714088698064,1.45,0.033000000000000015,9.227000000000016,0.39474666285516696,0.008713700214522615,-0.0014473790326506304,1.3333333333333333,"[0.0, 37.5, 93.75, 161.25, 237.5, 318.75, 407.5, 500.0]",True,3700,2,Thermo Multidrop Combi,Echo,0,30
15,Palmitic acid,5.919414959177285e-09,0.001285710990314335,0.08571428559942107,1.45,0.03,2.633874999999997,1.0100009036874407,0.007722878811871722,-0.005276108872539891,1.6666666666666663,"[0.0, 20.0, 62.5, 121.25, 196.25, 285.0, 386.25, 500.0]",True,3700,2,Thermo Multidrop Combi,Echo,0,30
15,Palmitic acid,40.42219281396818,0.028772418924876083,-109.99183052450766,1.45,0.022000000000000006,1.9737499999999992,1.767485344326934,0.009811618477236932,-0.0001159778227328781,2.0,"[0.0, 10.0, 41.25, 91.25, 163.75, 255.0, 367.5, 500.0]",True,3700,2,Thermo Multidrop Combi,Echo,0,30
15,SDS,0.24276363979340457,0.009771317792389742,0.7700483706086454,1.45,0.02799999999999999,3.635,0.8544531105008708,0.006577830732305075,0.0048555947580258794,1.0,"[0.0, 71.25, 142.5, 213.75, 286.25, 357.5, 428.75, 500.0]",True,3700,2,Thermo Multidrop Combi,Echo,0,30
15,SDS,42.029929345495226,0.01999999999406411,-90.55233787223388,1.45,0.033,1.1178124999999988,2.5376308879747547,0.009315885051121785,-0.006841582654462677,1.3333333333333333,"[0.0, 37.5, 93.75, 161.25, 237.5, 318.75, 407.5, 500.0]",True,3700,2,Thermo Multidrop Combi,Echo,0,30
15,SDS,0.8852088449362346,0.007789014621255919,0.20814992757322592,1.45,0.021,2.383937499999997,0.9933117224137045,0.004035556254807295,0.0014500504039546974,1.6666666666666663,"[0.0, 20.0, 62.5, 121.25, 196.25, 285.0, 386.25, 500.0]",True,3700,2,Thermo Multidrop Combi,Echo,0,30
15,SDS,9.10359752278319,0.01443237170462126,-10.093766019990207,1.45,0.024999999999999994,1.9281874999999937,1.367640023217045,0.007573449864965294,-0.0026036290303019464,2.0,"[0.0, 10.0, 41.25, 91.25, 163.75, 255.0, 367.5, 500.0]",True,3700,2,Thermo Multidrop Combi,Echo,0,30
15,4-Phenylimidazole,5.787455908007084e-07,0.002142842489494521,0.584415581545727,1.45,0.025,2.661749999999991,0.7596218987736166,0.0038078865529319553,0.0014378528228229754,1.0,"[0.0, 71.25, 142.5, 213.75, 286.25, 357.5, 428.75, 500.0]",True,3700,2,Thermo Multidrop Combi,Echo,0,30
15,4-Phenylimidazole,1.7784513593201094,0.002670411434222377,-0.1747999054571887,1.45,0.021,0.5508749999999976,5.526725493980317,0.009591663046625442,-0.00481204637345665,1.3333333333333333,"[0.0, 37.5, 93.75, 161.25, 237.5, 318.75, 407.5, 500.0]",True,3700,2,Thermo Multidrop Combi,Echo,0,30
15,4-Phenylimidazole,2.5572906090949306e-08,0.0009999990725160742,0.06796116501951954,1.45,0.024999999999999994,1.0384374999999946,3.054156091961584,0.00660627407415535,-0.0026170866924773144,1.6666666666666663,"[0.0, 20.0, 62.5, 121.25, 196.25, 285.0, 386.25, 500.0]",True,3700,2,Thermo Multidrop Combi,Echo,0,30
15,4-Phenylimidazole,1.4396050230817905,0.0035564902868059863,-0.07366625786230929,1.45,0.029000000000000005,1.3622499999999995,2.199964277639802,0.011209052464096023,-0.01025131049289624,2.0,"[0.0, 10.0, 41.25, 91.25, 163.75, 255.0, 367.5, 500.0]",True,3700,2,Thermo Multidrop Combi,Echo,0,30
15,DMSO,3.0317185384943057,0.04858636703376194,-1.354425020693892,17.45,0.41300000000000003,69.53343749999992,0.25075168616036153,0.051193610092331955,0.01877817540340459,1.0,"[0.0, 71.25, 142.5, 213.75, 286.25, 357.5, 428.75, 500.0]",True,3700,2,Thermo Multidrop Combi,Echo,0,30
15,DMSO,8.426271317406924e-17,0.021571428572776268,0.509667612937835,17.45,0.33299999999999996,51.27674999999998,0.15781086109509476,0.020769139193937303,-0.030408014114332894,1.3333333333333333,"[0.0, 37.5, 93.75, 161.25, 237.5, 318.75, 407.5, 500.0]",True,3700,2,Thermo Multidrop Combi,Echo,0,30
15,DMSO,1.5202243295834361,0.027838060829774098,-0.12071570094313588,17.45,0.44900000000000007,62.988249999999994,0.3371156913471155,0.059766061798123715,0.011237046370239097,1.6666666666666663,"[0.0, 20.0, 62.5, 121.25, 196.25, 285.0, 386.25, 500.0]",True,3700,2,Thermo Multidrop Combi,Echo,0,30
15,DMSO,0.0449764200578283,0.0893070564992861,0.9875818151557859,17.45,0.64,74.66868750000002,0.6082925145432836,0.13070242920466318,-0.17965493951703027,2.0,"[0.0, 10.0, 41.25, 91.25, 163.75, 255.0, 367.5, 500.0]",True,3700,2,Thermo Multidrop Combi,Echo,0,30
15,Arachadionic acid,1.409931421392525,0.2243794337700241,-0.3640637427566724,17.45,0.32,52.913312499999975,0.18636230967013795,0.017071279138616748,0.03058961693448114,1.0,"[0.0, 71.25, 142.5, 213.75, 286.25, 357.5, 428.75, 500.0]",True,3700,2,Thermo Multidrop Combi,Echo,0,30
15,Arachadionic acid,6.836179554370395e-14,0.04785714285247776,0.9130441857248616,17.45,0.493,58.57318749999999,0.45945558178157875,0.07698504029076964,-0.10506607863233539,1.3333333333333333,"[0.0, 37.5, 93.75, 161.25, 237.5, 318.75, 407.5, 500.0]",True,3700,2,Thermo Multidrop Combi,Echo,0,30
15,Arachadionic acid,6.923675562258644,0.053841042179991076,-1.4322667460963303,17.45,0.545,74.2080625,0.46671407313548696,0.09133914432330908,0.021536139114270318,1.6666666666666663,"[0.0, 20.0, 62.5, 121.25, 196.25, 285.0, 386.25, 500.0]",True,3700,2,Thermo Multidrop Combi,Echo,0,30
15,Arachadionic acid,2.2916682324430643e-15,0.016428571456771325,0.5876471895134419,17.45,0.34900000000000003,51.7141875,0.17615050479738353,0.021440948806297867,-0.027181703635347824,2.0,"[0.0, 10.0, 41.25, 91.25, 163.75, 255.0, 367.5, 500.0]",True,3700,2,Thermo Multidrop Combi,Echo,0,30
15,Lauric acid,1.040259841811673,0.05049714390173721,0.1214763739078627,17.45,0.31599999999999995,46.774437499999955,0.11543838547278304,0.009991961054482027,-0.002355544355673,1.0,"[0.0, 71.25, 142.5, 213.75, 286.25, 357.5, 428.75, 500.0]",True,3700,2,Thermo Multidrop Combi,Echo,0,30
15,Lauric acid,1.9729244483604311,0.05958651659737749,-1.0174007269696408,17.45,0.31499999999999995,41.665625,0.12354732368821053,0.015338443765351728,-0.00876824596769327,1.3333333333333333,"[0.0, 37.5, 93.75, 161.25, 237.5, 318.75, 407.5, 500.0]",True,3700,2,Thermo Multidrop Combi,Echo,0,30
15,Lauric acid,3.3054077797959893,0.02801411197800187,-0.3543406028378233,17.45,0.43900000000000006,67.24487500000001,0.3532824562013351,0.05675196661161368,0.014898639114452583,1.6666666666666663,"[0.0, 20.0, 62.5, 121.25, 196.25, 285.0, 386.25, 500.0]",True,3700,2,Thermo Multidrop Combi,Echo,0,30
15,Lauric acid,0.07601649654915787,0.004698604242161291,0.41481897612505747,17.45,0.33299999999999996,55.00350000000003,0.10269957502346905,0.013437686875776943,-0.01365720766340082,2.0,"[0.0, 10.0, 41.25, 91.25, 163.75, 255.0, 367.5, 500.0]",True,3700,2,Thermo Multidrop Combi,Echo,0,30
15,Palmitic acid,3.8552204537961545,0.03249782505091821,-2.032817503118914,17.45,0.35400000000000004,54.972124999999956,0.19875078442625285,0.030659419433511772,0.0022006552403420225,1.0,"[0.0, 71.25, 142.5, 213.75, 286.25, 357.5, 428.75, 500.0]",True,3700,2,Thermo Multidrop Combi,Echo,0,30
15,Palmitic acid,0.549264942570902,0.0244310407433344,0.4015653390118077,17.45,0.335,59.38175,0.1703554542981443,0.017020470868087882,0.004134072585217901,1.3333333333333333,"[0.0, 37.5, 93.75, 161.25, 237.5, 318.75, 407.5, 500.0]",True,3700,2,Thermo Multidrop Combi,Echo,0,30
15,Palmitic acid,0.71101011833438,0.015916011704324582,0.23148540599636724,17.45,0.357,58.52312499999994,0.15401033152270066,0.02219032929646863,0.0023276713705902884,1.6666666666666663,"[0.0, 20.0, 62.5, 121.25, 196.25, 285.0, 386.25, 500.0]",True,3700,2,Thermo Multidrop Combi,Echo,0,30
15,Palmitic acid,3.0989886221424734e-16,0.008000006015300844,0.6511627906947244,17.45,0.318,55.21887500000001,0.09422783319755788,0.011563489339913175,0.0011108870992369425,2.0,"[0.0, 10.0, 41.25, 91.25, 163.75, 255.0, 367.5, 500.0]",True,3700,2,Thermo Multidrop Combi,Echo,0,30
15,SDS,0.3114056972105139,0.08594638987113087,0.6970357465851351,17.45,0.31800000000000006,44.23956250000004,0.20522591390593797,0.01721917535772257,0.0020663306472368265,1.0,"[0.0, 71.25, 142.5, 213.75, 286.25, 357.5, 428.75, 500.0]",True,3700,2,Thermo Multidrop Combi,Echo,0,30
15,SDS,1.2122063224539568,0.012429551899805023,-0.025178087106186853,17.45,0.335,55.06331250000004,0.07524005429771981,0.014613472257768564,-0.009098790324235558,1.3333333333333333,"[0.0, 37.5, 93.75, 161.25, 237.5, 318.75, 407.5, 500.0]",True,3700,2,Thermo Multidrop Combi,Echo,0,30
15,SDS,1.1879023329090155,0.008108920900492481,0.0025966718866132776,17.45,0.337,56.29049999999999,0.10350124632430763,0.018790195011532725,-0.004383870966718904,1.6666666666666663,"[0.0, 20.0, 62.5, 121.25, 196.25, 285.0, 386.25, 500.0]",True,3700,2,Thermo Multidrop Combi,Echo,0,30
15,SDS,0.8428188190106308,0.02423448919778769,0.34521290238102864,17.45,0.30899999999999994,55.11862500000001,0.05909432710567868,0.007689278249614851,0.0020685987876937653,2.0,"[0.0, 10.0, 41.25, 91.25, 163.75, 255.0, 367.5, 500.0]",True,3700,2,Thermo Multidrop Combi,Echo,0,30
15,4-Phenylimidazole,1.0688361844349492,0.0021356915408801886,0.006526674321200021,17.45,0.30799999999999994,43.08668749999998,0.07744722110367523,0.02528692491048629,-0.023287651223944744,1.0,"[0.0, 71.25, 142.5, 213.75, 286.25, 357.5, 428.75, 500.0]",True,3700,2,Thermo Multidrop Combi,Echo,0,30
15,4-Phenylimidazole,46.211383283591914,0.07936097662888186,-93.24257687983047,17.45,0.32,51.187124999999995,0.10866720116110322,0.011756457192295889,-0.0006000504043520259,1.3333333333333333,"[0.0, 37.5, 93.75, 161.25, 237.5, 318.75, 407.5, 500.0]",True,3700,2,Thermo Multidrop Combi,Echo,0,30
15,4-Phenylimidazole,4.552404914078632e-09,0.005142854660747751,0.22689075626418498,17.45,0.33999999999999997,53.89606250000003,0.12246363861970154,0.018822478962286386,0.0008292842736045056,1.6666666666666663,"[0.0, 20.0, 62.5, 121.25, 196.25, 285.0, 386.25, 500.0]",True,3700,2,Thermo Multidrop Combi,Echo,0,30
15,4-Phenylimidazole,2.2053115005322126,0.025374131965045305,-0.9692516129813271,17.45,0.32099999999999995,52.25731250000001,0.06571516678961369,0.010569497893196526,0.007066633066428928,2.0,"[0.0, 10.0, 41.25, 91.25, 163.75, 255.0, 367.5, 500.0]",True,3700,2,Thermo Multidrop Combi,Echo,0,30
15,DMSO,14.518484999013609,0.31430671802092686,-11.001267680785244,17.45,0.30299999999999994,24.445437499999976,0.9748063225572036,0.10986412062179354,-0.03321668346543354,1.0,"[0.0, 71.25, 142.5, 213.75, 286.25, 357.5, 428.75, 500.0]",True,3700,2,Thermo Multidrop Combi,Echo,0,30
15,DMSO,78.60779696193397,0.6499999244848116,-94.61704988915577,17.45,0.314,40.34906250000002,0.39656652123269004,0.07499035652287946,-0.02069848790341257,1.3333333333333333,"[0.0, 37.5, 93.75, 161.25, 237.5, 318.75, 407.5, 500.0]",True,3700,2,Thermo Multidrop Combi,Echo,0,30
15,DMSO,8.824500756713014,0.2319703625656544,-4.038103001353699,17.45,0.312,31.665499999999987,0.8891178939692999,0.11699053685784042,-0.028252721771533477,1.6666666666666663,"[0.0, 20.0, 62.5, 121.25, 196.25, 285.0, 386.25, 500.0]",True,3700,2,Thermo Multidrop Combi,Echo,0,30
15,DMSO,70.67673995218298,0.7599999999999998,-85.59974877844608,17.45,0.306,39.586374999999975,0.35488561635320237,0.06496578769959287,-0.009106754032763141,2.0,"[0.0, 10.0, 41.25, 91.25, 163.75, 255.0, 367.5, 500.0]",True,3700,2,Thermo Multidrop Combi,Echo,0,30
15,Arachadionic acid,1.0132739607826837,0.17684650968917828,0.12983562410503724,17.45,0.30099999999999993,33.62762500000001,0.7365619181645775,0.10336265904916672,-0.0007177419369951274,1.0,"[0.0, 71.25, 142.5, 213.75, 286.25, 357.5, 428.75, 500.0]",True,3700,2,Thermo Multidrop Combi,Echo,0,30
15,Arachadionic acid,73.7665925061772,0.7049999981552527,-102.41895240279581,17.45,0.305,34.83099999999999,0.4296049237527578,0.07353509851958936,-0.012290927417788968,1.3333333333333333,"[0.0, 37.5, 93.75, 161.25, 237.5, 318.75, 407.5, 500.0]",True,3700,2,Thermo Multidrop Combi,Echo,0,30
15,Arachadionic acid,52.89029066473543,0.5149997991238916,-65.31634363708667,17.45,0.30899999999999994,44.04293749999999,0.23141119389092918,0.05141081042515697,-0.010742741936000947,1.6666666666666663,"[0.0, 20.0, 62.5, 121.25, 196.25, 285.0, 386.25, 500.0]",True,3700,2,Thermo Multidrop Combi,Echo,0,30
15,Arachadionic acid,0.2532750888585082,0.009641452735247833,0.1924081264293961,17.45,0.30299999999999994,41.85325,0.13491374356276128,0.01488767467211913,-0.007158870968319693,2.0,"[0.0, 10.0, 41.25, 91.25, 163.75, 255.0, 367.5, 500.0]",True,3700,2,Thermo Multidrop Combi,Echo,0,30
15,Lauric acid,0.7823576284880523,0.02777126033313312,0.2815208267830813,17.45,0.289,44.22099999999996,0.08126831930053402,0.009227288721117225,0.004297127017894021,1.0,"[0.0, 71.25, 142.5, 213.75, 286.25, 357.5, 428.75, 500.0]",True,3700,2,Thermo Multidrop Combi,Echo,0,30
15,Lauric acid,0.48085798233714894,0.014504850567703283,0.42701000564147207,17.45,0.32099999999999995,47.96362499999999,0.045806504328855566,0.01062930585020219,-0.0017062499988815313,1.3333333333333333,"[0.0, 37.5, 93.75, 161.25, 237.5, 318.75, 407.5, 500.0]",True,3700,2,Thermo Multidrop Combi,Echo,0,30
15,Lauric acid,0.9256567485122777,0.010433994975608601,0.12741230375519808,17.45,0.32899999999999996,51.16106250000001,0.06938209665826546,0.01590821890003492,0.0017661794343367615,1.6666666666666663,"[0.0, 20.0, 62.5, 121.25, 196.25, 285.0, 386.25, 500.0]",True,3700,2,Thermo Multidrop Combi,Echo,0,30
15,Lauric acid,2.717353632675708,0.015082355563549789,-0.5261947985927129,17.45,0.30699999999999994,46.74825000000001,0.05054891954817118,0.007707834604200741,-0.004024092743659885,2.0,"[0.0, 10.0, 41.25, 91.25, 163.75, 255.0, 367.5, 500.0]",True,3700,2,Thermo Multidrop Combi,Echo,0,30
15,Palmitic acid,1.46874380024906e-13,0.009999999984963044,0.22580645161290402,17.45,0.29200000000000004,44.987437499999984,0.10851783771742063,0.007633338531917555,-0.003648336694587466,1.0,"[0.0, 71.25, 142.5, 213.75, 286.25, 357.5, 428.75, 500.0]",True,3700,2,Thermo Multidrop Combi,Echo,0,30
15,Palmitic acid,2.047552147704053,0.02931429097796508,-0.9770569326505816,17.45,0.30599999999999994,42.414937499999986,0.11725112539556523,0.016550787637709927,-0.007569304436008884,1.3333333333333333,"[0.0, 37.5, 93.75, 161.25, 237.5, 318.75, 407.5, 500.0]",True,3700,2,Thermo Multidrop Combi,Echo,0,30
15,Palmitic acid,9.80041986307176e-10,0.00642857033802846,0.36205971749101706,17.45,0.30999999999999994,49.575312500000024,0.08219019691716095,0.010669549461635468,0.003163306452996105,1.6666666666666663,"[0.0, 20.0, 62.5, 121.25, 196.25, 285.0, 386.25, 500.0]",True,3700,2,Thermo Multidrop Combi,Echo,0,30
15,Palmitic acid,0.44050948835422415,0.01482217801803862,0.48870161679112833,17.45,0.32299999999999995,51.23568750000001,0.07706391068840396,0.010993504575754818,-0.0031479334673398234,2.0,"[0.0, 10.0, 41.25, 91.25, 163.75, 255.0, 367.5, 500.0]",True,3700,2,Thermo Multidrop Combi,Echo,0,30
15,SDS,0.492929641844795,0.07621634499420703,0.6330934306911232,17.45,0.292,41.52706249999999,0.19193497759389527,0.01961003751726579,0.006295312500264685,1.0,"[0.0, 71.25, 142.5, 213.75, 286.25, 357.5, 428.75, 500.0]",True,3700,2,Thermo Multidrop Combi,Echo,0,30
15,SDS,6.4540008828415685,0.02738502491624958,-5.450379256481844,17.45,0.32399999999999995,50.723625,0.07026590331887791,0.018477302678846647,-0.006235080647649516,1.3333333333333333,"[0.0, 37.5, 93.75, 161.25, 237.5, 318.75, 407.5, 500.0]",True,3700,2,Thermo Multidrop Combi,Echo,0,30
15,SDS,2.514178917969987e-09,0.006857137026798487,0.44720496890322325,17.45,0.31599999999999995,50.84699999999998,0.06661331205684397,0.013918127952935538,0.002210584677839105,1.6666666666666663,"[0.0, 20.0, 62.5, 121.25, 196.25, 285.0, 386.25, 500.0]",True,3700,2,Thermo Multidrop Combi,Echo,0,30
15,SDS,1.3509633100133607,0.014188513593825891,-0.026440891904828234,17.45,0.298,48.45381250000001,0.05934531194480033,0.0082114902075428,0.0034168346769236557,2.0,"[0.0, 10.0, 41.25, 91.25, 163.75, 255.0, 367.5, 500.0]",True,3700,2,Thermo Multidrop Combi,Echo,0,30
15,4-Phenylimidazole,1.6929383322197958e-08,0.002857136349432236,0.1623376622623217,17.45,0.29000000000000004,43.034124999999975,0.048955309961471384,0.021826834728968708,-0.01849410282161499,1.0,"[0.0, 71.25, 142.5, 213.75, 286.25, 357.5, 428.75, 500.0]",True,3700,2,Thermo Multidrop Combi,Echo,0,30
15,4-Phenylimidazole,22.64329742637832,0.03056691192571539,-57.742744281754284,17.45,0.33099999999999996,49.05250000000002,0.06125457631421579,0.014810710410278843,-0.004270463709958339,1.3333333333333333,"[0.0, 37.5, 93.75, 161.25, 237.5, 318.75, 407.5, 500.0]",True,3700,2,Thermo Multidrop Combi,Echo,0,30
15,4-Phenylimidazole,0.019992718925325517,0.006763746392868651,0.3689553259811347,17.45,0.30599999999999994,47.01349999999999,0.1206334038590765,0.010099504938362073,0.00605640121182582,1.6666666666666663,"[0.0, 20.0, 62.5, 121.25, 196.25, 285.0, 386.25, 500.0]",True,3700,2,Thermo Multidrop Combi,Echo,0,30
15,4-Phenylimidazole,1.943767454155899,0.028669199253369613,-0.5813424999493098,17.45,0.299,47.564874999999994,0.07970050768792514,0.00927265565289378,0.004846219757352404,2.0,"[0.0, 10.0, 41.25, 91.25, 163.75, 255.0, 367.5, 500.0]",True,3700,2,Thermo Multidrop Combi,Echo,0,30
